date,season,stage,group,home_team,away_team,home_goals,away_goals,result,B365H,B365D,B365A,BWH,BWD,BWA,leg
2021-12-05,2021-22,GROUP_STAGE,Group A,Real Madrid,Barcelona,4,0,H,2.24,3.98,3.65,2.1592564959896325,3.82179308011626,3.7378437268037015,
2021-11-28,2021-22,GROUP_STAGE,Group A,Real Madrid,Barcelona,0,3,A,2.24,3.86,3.57,2.1769749063560075,3.8620671412078975,3.400973341177139,
2021-10-10,2021-22,GROUP_STAGE,Group A,Real Madrid,Atlético Madrid,3,0,H,1.79,4.87,5.79,1.7809084192848097,4.761978874908333,6.0038248857391086,
2021-10-10,2021-22,GROUP_STAGE,Group A,Real Madrid,Atlético Madrid,2,1,H,1.78,4.7,5.63,1.8613839268528072,4.623199436202935,5.400715909823023,
2021-09-27,2021-22,GROUP_STAGE,Group A,Real Madrid,Sevilla,1,0,H,1.73,4.7,5.7,1.6510169266256958,4.680929693445766,5.4861509128263295,
2021-11-07,2021-22,GROUP_STAGE,Group A,Real Madrid,Sevilla,2,1,H,1.68,4.67,5.91,1.7447558936533836,4.6053835572199775,5.728142556841686,
2021-09-23,2021-22,GROUP_STAGE,Group A,Barcelona,Real Madrid,0,1,A,2.23,3.78,3.67,2.136293610853969,3.678994955044469,3.5235675245933704,
2021-10-25,2021-22,GROUP_STAGE,Group A,Barcelona,Real Madrid,0,4,A,2.32,4.02,3.62,2.2864228024527846,4.088410420099833,3.6930589534719958,
2021-12-11,2021-22,GROUP_STAGE,Group A,Barcelona,Atlético Madrid,2,1,H,1.78,4.82,5.64,1.8207845700351624,4.65776000199325,5.572012869151313,
2021-12-10,2021-22,GROUP_STAGE,Group A,Barcelona,Atlético Madrid,3,2,H,1.78,4.64,5.73,1.8277598168114422,4.433955207662867,5.914392886365902,
2021-10-25,2021-22,GROUP_STAGE,Group A,Barcelona,Sevilla,6,0,H,1.73,4.57,6.07,1.7416221489057808,4.669586821718572,5.895564312240864,
2021-11-22,2021-22,GROUP_STAGE,Group A,Barcelona,Sevilla,0,0,D,1.73,4.97,5.81,1.689324268804163,4.84407387132391,5.8456548859487905,
2021-10-18,2021-22,GROUP_STAGE,Group A,Atlético Madrid,Real Madrid,1,2,A,3.07,4.74,2.46,3.0276329082200784,4.975732418766863,2.3710296092431506,
2021-11-22,2021-22,GROUP_STAGE,Group A,Atlético Madrid,Real Madrid,1,1,D,2.88,4.56,2.35,2.91670446001049,4.693188190149511,2.331707592197926,
2021-09-23,2021-22,GROUP_STAGE,Group A,Atlético Madrid,Barcelona,3,4,A,2.97,4.82,2.43,2.8961699936345986,4.8456548819757685,2.537510699315294,
2021-12-16,2021-22,GROUP_STAGE,Group A,Atlético Madrid,Barcelona,1,3,A,3.07,4.86,2.45,2.9984153333154304,4.928507434109787,2.35483028253099,
2021-11-09,2021-22,GROUP_STAGE,Group A,Atlético Madrid,Sevilla,1,3,A,1.91,4.16,4.67,1.9519590077572115,4.356305449129968,4.792336346957315,
2021-11-23,2021-22,GROUP_STAGE,Group A,Atlético Madrid,Sevilla,0,2,A,2.06,4.54,4.47,2.0886235959423973,4.58947247599293,4.314819153041686,
2021-10-05,2021-22,GROUP_STAGE,Group A,Sevilla,Real Madrid,2,1,H,3.01,4.91,2.45,2.8596721407345105,4.823660623989294,2.332271801884529,
2021-11-05,2021-22,GROUP_STAGE,Group A,Sevilla,Real Madrid,0,0,D,3.11,4.93,2.39,2.972514726779692,5.116358732407592,2.496820917426221,
2021-09-25,2021-22,GROUP_STAGE,Group A,Sevilla,Barcelona,1,2,A,3.07,4.92,2.56,3.0800407940455607,4.7358741716680575,2.600896210623326,
2021-11-29,2021-22,GROUP_STAGE,Group A,Sevilla,Barcelona,2,0,H,2.9,4.79,2.47,3.0346652427421623,4.995449563148043,2.533050503569044,
2021-12-12,2021-22,GROUP_STAGE,Group A,Sevilla,Atlético Madrid,1,5,A,2.55,4.29,3.06,2.588218904698061,4.263444935999322,3.0653782073568907,
2021-10-05,2021-22,GROUP_STAGE,Group A,Sevilla,Atlético Madrid,4,0,H,2.56,4.18,2.78,2.573803909740667,4.216967967823527,2.642999053237856,
2021-12-14,2021-22,GROUP_STAGE,Group B,Manchester City,Liverpool,1,2,A,2.36,3.78,3.9,2.444873954459884,3.6177840782579107,3.797821807403908,
2021-12-14,2021-22,GROUP_STAGE,Group B,Manchester City,Liverpool,2,0,H,2.33,3.9,3.83,2.419095256507792,3.929722543391151,3.7315679438375624,
2021-11-14,2021-22,GROUP_STAGE,Group B,Manchester City,Chelsea,3,3,D,1.8,4.62,5.6,1.7875892128331479,4.584693323835204,5.5815338141005375,
2021-09-26,2021-22,GROUP_STAGE,Group B,Manchester City,Chelsea,2,1,H,1.78,5.0,5.6,1.7626665882142039,4.919651302697481,5.802536620357563,
2021-10-16,2021-22,GROUP_STAGE,Group B,Manchester City,Arsenal,2,2,D,1.7,4.79,5.62,1.6461929660838297,4.772098844764063,5.830461106187666,
2021-09-29,2021-22,GROUP_STAGE,Group B,Manchester City,Arsenal,1,1,D,1.74,4.95,5.86,1.6618023693373292,5.1971448218643,6.056912164856852,
2021-09-26,2021-22,GROUP_STAGE,Group B,Liverpool,Manchester City,3,2,H,2.43,4.02,3.62,2.4265107934845247,3.9049264142780706,3.584176585902902,
2021-09-27,2021-22,GROUP_STAGE,Group B,Liverpool,Manchester City,1,2,A,2.26,3.7,3.71,2.3563930846244094,3.8054978620138256,3.6303274639393077,
2021-12-13,2021-22,GROUP_STAGE,Group B,Liverpool,Chelsea,0,2,A,1.83,5.01,5.87,1.8699687143792278,4.837053209462305,5.7506674935653095,
2021-09-27,2021-22,GROUP_STAGE,Group B,Liverpool,Chelsea,2,0,H,1.76,4.79,5.98,1.682061088031717,4.830321067745848,5.981704528985869,
2021-11-21,2021-22,GROUP_STAGE,Group B,Liverpool,Arsenal,3,1,H,1.69,4.99,5.59,1.6369044184057422,5.037422518118564,5.687943817464686,
2021-10-20,2021-22,GROUP_STAGE,Group B,Liverpool,Arsenal,5,1,H,1.73,4.98,5.87,1.7436529969487473,4.750791347819955,5.624624259025492,
2021-12-08,2021-22,GROUP_STAGE,Group B,Chelsea,Manchester City,0,4,A,3.03,4.78,2.55,2.940390537425331,4.8833396807773415,2.4833649179170405,
2021-11-09,2021-22,GROUP_STAGE,Group B,Chelsea,Manchester City,5,0,H,2.89,4.84,2.43,3.013986297862894,5.050895395123295,2.310763656022872,
2021-12-03,2021-22,GROUP_STAGE,Group B,Chelsea,Liverpool,2,0,H,3.15,5.01,2.34,3.0596436083641176,4.892365407789951,2.4413826944505277,
2021-09-28,2021-22,GROUP_STAGE,Group B,Chelsea,Liverpool,1,0,H,3.11,4.71,2.36,3.21379468089298,4.805867304716151,2.386355952711324,
2021-12-07,2021-22,GROUP_STAGE,Group B,Chelsea,Arsenal,3,1,H,2.34,3.95,3.77,2.441030913228042,3.7934166682576933,3.9125538657950445,
2021-10-23,2021-22,GROUP_STAGE,Group B,Chelsea,Arsenal,3,2,H,2.24,3.74,3.77,2.189005999558519,3.779206355309304,3.852039794551327,
2021-10-11,2021-22,GROUP_STAGE,Group B,Arsenal,Manchester City,1,2,A,3.06,4.94,2.44,2.983843103133388,5.1416305688319754,2.3303949300536573,
2021-12-10,2021-22,GROUP_STAGE,Group B,Arsenal,Manchester City,4,1,H,2.98,4.67,2.32,3.0607935284598486,4.734031947199743,2.2647736208847684,
2021-11-10,2021-22,GROUP_STAGE,Group B,Arsenal,Liverpool,2,1,H,3.02,4.74,2.32,2.8917236457422777,4.921592430424268,2.413711428601895,
2021-11-28,2021-22,GROUP_STAGE,Group B,Arsenal,Liverpool,4,5,A,2.86,4.71,2.45,2.8399189998839005,4.494201392197532,2.416839621255178,
2021-09-20,2021-22,GROUP_STAGE,Group B,Arsenal,Chelsea,2,0,H,2.43,3.78,3.66,2.333478850066244,3.885883939427405,3.8005933007310695,
2021-11-11,2021-22,GROUP_STAGE,Group B,Arsenal,Chelsea,4,2,H,2.44,3.99,3.91,2.3757639090639633,3.855338205073075,4.0272558286935976,
2021-10-07,2021-22,GROUP_STAGE,Group C,Manchester United,Tottenham,4,0,H,2.42,3.7,3.84,2.3793888832430357,3.8594018778378807,3.956058293351861,
2021-10-21,2021-22,GROUP_STAGE,Group C,Manchester United,Tottenham,2,3,A,2.28,4.0,3.6,2.3648540265025884,4.143437300535113,3.500076138316439,
2021-11-12,2021-22,GROUP_STAGE,Group C,Manchester United,Bayern München,5,1,H,2.95,4.93,2.53,2.868262446425714,5.008896359095074,2.50431189257689,
2021-10-25,2021-22,GROUP_STAGE,Group C,Manchester United,Bayern München,1,2,A,3.11,5.0,2.39,3.154000820706972,4.949839192180031,2.5049947752403847,
2021-11-22,2021-22,GROUP_STAGE,Group C,Manchester United,Borussia Dortmund,1,0,H,2.58,4.17,3.03,2.518393520668674,4.203605918969041,3.1765158235835753,
2021-09-24,2021-22,GROUP_STAGE,Group C,Manchester United,Borussia Dortmund,2,2,D,2.52,4.35,2.98,2.4730466831771376,4.396200851188173,2.9834040717815045,
2021-11-03,2021-22,GROUP_STAGE,Group C,Tottenham,Manchester United,1,0,H,2.43,3.77,3.58,2.4144619762555584,3.7775099714096023,3.689730891352638,
2021-12-16,2021-22,GROUP_STAGE,Group C,Tottenham,Manchester United,2,2,D,2.38,3.98,3.81,2.3476847102839407,3.8088495768282713,3.8725745579511948,
2021-10-27,2021-22,GROUP_STAGE,Group C,Tottenham,Bayern München,2,1,H,3.04,4.85,2.35,3.1616142378695162,4.853454414457105,2.389219832464846,
2021-10-31,2021-22,GROUP_STAGE,Group C,Tottenham,Bayern München,0,4,A,2.97,4.68,2.35,2.9463725611305542,4.8860901979017255,2.3916697171390924,
2021-10-07,2021-22,GROUP_STAGE,Group C,Tottenham,Borussia Dortmund,0,1,A,2.66,4.29,2.93,2.5271079799594784,4.19858598453677,2.909457227947022,
2021-12-03,2021-22,GROUP_STAGE,Group C,Tottenham,Borussia Dortmund,2,3,A,2.65,4.3,2.9,2.6965412167953766,4.304804818656073,2.9851832657407407,
2021-10-06,2021-22,GROUP_STAGE,Group C,Bayern München,Manchester United,2,1,H,1.78,4.67,5.93,1.8012284233545028,4.480111822435288,6.198035799834318,
2021-10-20,2021-22,GROUP_STAGE,Group C,Bayern München,Manchester United,1,0,H,1.78,4.64,5.66,1.695347719015375,4.5216069404523545,5.645927170827844,
2021-09-24,2021-22,GROUP_STAGE,Group C,Bayern München,Tottenham,3,1,H,1.74,4.96,5.88,1.7779921892968242,4.9024533198268045,5.820995883371404,
2021-10-08,2021-22,GROUP_STAGE,Group C,Bayern München,Tottenham,1,1,D,1.78,4.54,5.98,1.8280682215661763,4.361390632639846,5.935237423977756,
2021-10-07,2021-22,GROUP_STAGE,Group C,Bayern München,Borussia Dortmund,1,1,D,1.8,4.87,5.81,1.8103330429260114,5.0733078970398,5.590009346129032,
2021-10-07,2021-22,GROUP_STAGE,Group C,Bayern München,Borussia Dortmund,3,0,H,1.8,4.85,6.12,1.8171814173244956,5.06826921009493,6.359552666595988,
2021-12-02,2021-22,GROUP_STAGE,Group C,Borussia Dortmund,Manchester United,1,2,A,2.04,4.55,4.53,2.1229983650130473,4.525390693494899,4.375598532116979,
2021-11-19,2021-22,GROUP_STAGE,Group C,Borussia Dortmund,Manchester United,2,2,D,1.97,4.49,4.72,1.9261303365667557,4.614676001064954,4.712729792057166,
2021-10-15,2021-22,GROUP_STAGE,Group C,Borussia Dortmund,Tottenham,3,0,H,1.94,4.19,4.47,1.8957127307739436,4.114458309167461,4.48794804346575,
2021-10-07,2021-22,GROUP_STAGE,Group C,Borussia Dortmund,Tottenham,0,0,D,1.91,4.32,4.41,1.8553649995272434,4.283222931028031,4.335418693447795,
2021-11-13,2021-22,GROUP_STAGE,Group C,Borussia Dortmund,Bayern München,1,2,A,2.97,4.63,2.42,3.090237028067033,4.668928768776556,2.4673165627325084,
2021-12-02,2021-22,GROUP_STAGE,Group C,Borussia Dortmund,Bayern München,2,5,A,2.96,4.54,2.41,3.0350286370175783,4.7004653695583745,2.5192767115712957,
2021-11-07,2021-22,GROUP_STAGE,Group D,RB Leipzig,Eintracht Frankfurt,0,3,A,2.34,3.98,3.86,2.4330878552914115,3.9753153320649997,3.772353030340617,
2021-11-21,2021-22,GROUP_STAGE,Group D,RB Leipzig,Eintracht Frankfurt,2,2,D,2.22,3.83,3.82,2.1987583005485556,3.7017121320509436,3.8075430370067425,
2021-10-01,2021-22,GROUP_STAGE,Group D,RB Leipzig,PSG,2,3,A,3.14,4.79,2.54,3.168854331547164,4.868076883524521,2.434322655389148,
2021-11-13,2021-22,GROUP_STAGE,Group D,RB Leipzig,PSG,2,1,H,2.89,4.75,2.33,2.8550610167503723,4.6130386350004535,2.289655072537345,
2021-11-02,2021-22,GROUP_STAGE,Group D,RB Leipzig,Marseille,3,1,H,2.28,4.06,3.72,2.3563596885999636,4.0479445755024965,3.8126370251228208,
2021-09-26,2021-22,GROUP_STAGE,Group D,RB Leipzig,Marseille,1,3,A,2.45,3.83,3.81,2.51890209715467,3.88812203295841,3.9068628507466796,
2021-10-16,2021-22,GROUP_STAGE,Group D,Eintracht Frankfurt,RB Leipzig,0,1,A,2.26,3.7,3.62,2.1755259403215703,3.7626997725093667,3.6431569886586668,
2021-10-17,2021-22,GROUP_STAGE,Group D,Eintracht Frankfurt,RB Leipzig,2,0,H,2.33,3.79,3.7,2.354672997366553,3.9657554680143585,3.7807921745805233,
2021-10-05,2021-22,GROUP_STAGE,Group D,Eintracht Frankfurt,PSG,0,0,D,3.14,4.59,2.33,3.080954574739934,4.671402404664337,2.436754271301974,
2021-11-09,2021-22,GROUP_STAGE,Group D,Eintracht Frankfurt,PSG,2,0,H,3.13,4.63,2.46,3.2334689213732397,4.510939263188692,2.50850947861396,
2021-10-23,2021-22,GROUP_STAGE,Group D,Eintracht Frankfurt,Marseille,1,2,A,2.42,3.93,3.61,2.537090333066551,4.041075691119881,3.5548405592763497,
2021-11-13,2021-22,GROUP_STAGE,Group D,Eintracht Frankfurt,Marseille,0,2,A,2.37,3.72,3.81,2.2544985595893072,3.69026185159316,3.8062668496013456,
2021-11-09,2021-22,GROUP_STAGE,Group D,PSG,RB Leipzig,5,2,H,1.83,4.84,6.03,1.8679374817982122,4.8087757781837155,6.170978568320075,
2021-12-12,2021-22,GROUP_STAGE,Group D,PSG,RB Leipzig,2,0,H,1.71,4.92,5.86,1.7071780731640265,4.888302650557916,5.995381361582803,
2021-10-19,2021-22,GROUP_STAGE,Group D,PSG,Eintracht Frankfurt,1,0,H,1.72,4.65,6.09,1.6819756588611048,4.627122930090104,6.242540055632646,
2021-12-01,2021-22,GROUP_STAGE,Group D,PSG,Eintracht Frankfurt,1,3,A,1.77,4.71,5.56,1.8321186520273054,4.560146572721273,5.399938636699934,
2021-10-18,2021-22,GROUP_STAGE,Group D,PSG,Marseille,2,1,H,1.72,4.95,5.95,1.6815181950300637,4.707524801647145,6.216597233777334,
2021-09-30,2021-22,GROUP_STAGE,Group D,PSG,Marseille,1,3,A,1.7,4.73,5.87,1.6558550691411167,4.71869204140091,5.994351492599488,
2021-11-11,2021-22,GROUP_STAGE,Group D,Marseille,RB Leipzig,3,1,H,2.4,3.73,3.65,2.4460289172708483,3.657714849238523,3.6797677886463136,
2021-11-19,2021-22,GROUP_STAGE,Group D,Marseille,RB Leipzig,3,0,H,2.35,3.83,3.94,2.3618412910978197,3.7732434320762267,3.9217756335641525,
2021-10-24,2021-22,GROUP_STAGE,Group D,Marseille,Eintracht Frankfurt,4,0,H,2.28,3.74,3.63,2.1932584810061515,3.753413123053522,3.725174828242729,
2021-10-13,2021-22,GROUP_STAGE,Group D,Marseille,Eintracht Frankfurt,1,1,D,2.26,3.98,3.67,2.2802466407471385,4.083562742358487,3.705522201768015,
2021-09-27,2021-22,GROUP_STAGE,Group D,Marseille,PSG,4,2,H,3.1,4.68,2.41,3.038702952521935,4.777352651312762,2.3200064933233637,
2021-09-25,2021-22,GROUP_STAGE,Group D,Marseille,PSG,5,2,H,3.14,4.8,2.49,3.0226517607889405,4.976861374686213,2.4877287949364213,
2021-09-16,2021-22,GROUP_STAGE,Group E,Monaco,Lyon,0,1,A,2.35,3.88,3.73,2.275825462541669,3.705934166267228,3.8945167215945022,
2021-11-20,2021-22,GROUP_STAGE,Group E,Monaco,Lyon,1,1,D,2.24,3.72,3.75,2.257252739049463,3.7893597787912388,3.6193976276066087,
2021-11-26,2021-22,GROUP_STAGE,Group E,Monaco,Juventus,4,1,H,2.74,4.19,2.84,2.755912011485231,4.154876914970928,2.867300024096447,
2021-12-08,2021-22,GROUP_STAGE,Group E,Monaco,Juventus,6,1,H,2.55,4.38,2.9,2.5353938560249283,4.537752999631867,3.0421090655353717,
2021-10-24,2021-22,GROUP_STAGE,Group E,Monaco,Milan,2,2,D,2.64,4.18,3.05,2.534197663740544,4.289824109620268,3.088282084274014,
2021-10-23,2021-22,GROUP_STAGE,Group E,Monaco,Milan,0,3,A,2.67,4.22,2.82,2.5565423199966117,4.010129154938418,2.806042044702192,
2021-11-30,2021-22,GROUP_STAGE,Group E,Lyon,Monaco,4,0,H,2.33,3.71,3.67,2.279373380935163,3.843414097327334,3.5126229719763264,
2021-10-19,2021-22,GROUP_STAGE,Group E,Lyon,Monaco,0,2,A,2.43,4.0,3.8,2.4691674794133687,4.173467383378205,3.7715528071196,
2021-11-23,2021-22,GROUP_STAGE,Group E,Lyon,Juventus,0,0,D,2.55,4.22,2.85,2.4587702527881374,4.034167252674843,2.9333991413762375,
2021-12-05,2021-22,GROUP_STAGE,Group E,Lyon,Juventus,0,1,A,2.69,4.41,2.86,2.5889511340489966,4.493206994124534,2.917123833903055,
2021-10-19,2021-22,GROUP_STAGE,Group E,Lyon,Milan,1,2,A,2.63,4.37,2.79,2.50898338624029,4.340296526238258,2.7404277217569657,
2021-10-22,2021-22,GROUP_STAGE,Group E,Lyon,Milan,2,2,D,2.5,4.26,2.97,2.590129218204318,4.2971143689083675,2.8276614004960137,
2021-12-10,2021-22,GROUP_STAGE,Group E,Juventus,Monaco,2,2,D,2.04,4.41,4.69,1.9737389084993464,4.418363053875534,4.662905590673075,
2021-10-25,2021-22,GROUP_STAGE,Group E,Juventus,Monaco,2,0,H,1.92,4.41,4.63,1.9184113540206746,4.229737901175578,4.559605969064423,
2021-10-27,2021-22,GROUP_STAGE,Group E,Juventus,Lyon,0,0,D,1.95,4.2,4.41,1.9327707925086197,4.198096988805022,4.481699339813221,
2021-11-10,2021-22,GROUP_STAGE,Group E,Juventus,Lyon,1,1,D,2.04,4.4,4.54,2.002161500062714,4.322240465961438,4.753463865971095,
2021-11-05,2021-22,GROUP_STAGE,Group E,Juventus,Milan,2,1,H,2.42,4.02,3.56,2.509386931205598,4.004714490682821,3.401296654394115,
2021-11-25,2021-22,GROUP_STAGE,Group E,Juventus,Milan,1,0,H,2.3,3.99,3.8,2.3597978232940338,3.8717197371017593,3.818703462852426,
2021-10-21,2021-22,GROUP_STAGE,Group E,Milan,Monaco,1,0,H,1.97,4.46,4.39,2.0632099227168736,4.508556763518556,4.275551585961838,
2021-10-10,2021-22,GROUP_STAGE,Group E,Milan,Monaco,0,1,A,1.94,4.16,4.52,1.886591927934422,4.302024763552687,4.345284425292719,
2021-09-30,2021-22,GROUP_STAGE,Group E,Milan,Lyon,2,0,H,2.01,4.22,4.76,1.9681641736126188,4.30668370782871,4.719773403237228,
2021-11-20,2021-22,GROUP_STAGE,Group E,Milan,Lyon,2,2,D,2.08,4.26,4.59,2.0557858907554074,4.439715831870845,4.593782569241139,
2021-10-02,2021-22,GROUP_STAGE,Group E,Milan,Juventus,3,0,H,2.42,3.8,3.86,2.3994160664994255,3.965014389599358,3.862986742862527,
2021-09-20,2021-22,GROUP_STAGE,Group E,Milan,Juventus,2,1,H,2.28,3.81,3.78,2.393749731976289,3.8060529720758223,3.647169068148694,
2021-11-22,2021-22,GROUP_STAGE,Group F,Inter,Napoli,1,0,H,1.98,4.3,4.69,1.9556875907343494,4.486126469957562,4.863343189436779,
2021-12-18,2021-22,GROUP_STAGE,Group F,Inter,Napoli,4,1,H,1.93,4.32,4.73,1.9127795934410685,4.241452173365002,4.717217766363716,
2021-11-02,2021-22,GROUP_STAGE,Group F,Inter,Roma,1,1,D,1.96,4.45,4.71,2.0542403551773183,4.447921249079309,4.491936236943767,
2021-11-23,2021-22,GROUP_STAGE,Group F,Inter,Roma,1,0,H,2.07,4.3,4.38,2.141423160583849,4.127876030029051,4.559773454831053,
2021-09-16,2021-22,GROUP_STAGE,Group F,Inter,Atalanta,0,2,A,2.03,4.34,4.64,1.9598353274106242,4.326758920827373,4.857710484586437,
2021-11-02,2021-22,GROUP_STAGE,Group F,Inter,Atalanta,2,1,H,2.01,4.33,4.37,1.9755416833856743,4.405496795401686,4.384692950517417,
2021-10-25,2021-22,GROUP_STAGE,Group F,Napoli,Inter,2,1,H,2.66,4.54,2.91,2.670910259377578,4.593326595567636,2.8328181407426882,
2021-12-16,2021-22,GROUP_STAGE,Group F,Napoli,Inter,2,2,D,2.74,4.59,2.99,2.7219081833069367,4.405685395009887,3.0299906008054567,
2021-09-27,2021-22,GROUP_STAGE,Group F,Napoli,Roma,0,0,D,2.32,3.96,3.9,2.214669904733113,4.077272812204236,3.819413432626431,
2021-11-06,2021-22,GROUP_STAGE,Group F,Napoli,Roma,1,0,H,2.32,3.79,3.72,2.3621776861538324,3.668741559851347,3.5991258000834003,
2021-12-02,2021-22,GROUP_STAGE,Group F,Napoli,Atalanta,1,1,D,2.42,3.94,3.65,2.5199046218777004,3.7993883817306324,3.635819718374574,
2021-10-22,2021-22,GROUP_STAGE,Group F,Napoli,Atalanta,1,1,D,2.32,3.95,3.9,2.31193875528187,3.8661145079706336,3.9181732736647907,
2021-09-24,2021-22,GROUP_STAGE,Group F,Roma,Inter,4,0,H,2.61,4.31,2.94,2.646263001315963,4.277377152476646,2.8665288779758638,
2021-10-28,2021-22,GROUP_STAGE,Group F,Roma,Inter,3,1,H,2.55,4.32,2.91,2.4829874539915315,4.351070603095519,2.9317702716819856,
2021-12-13,2021-22,GROUP_STAGE,Group F,Roma,Napoli,0,0,D,2.29,4.07,3.81,2.238356007060814,4.09683310990097,3.8807896067316583,
2021-09-26,2021-22,GROUP_STAGE,Group F,Roma,Napoli,1,0,H,2.43,3.98,3.87,2.5279131851832957,4.089744909882145,3.7655558173055512,
2021-10-30,2021-22,GROUP_STAGE,Group F,Roma,Atalanta,0,1,A,2.27,3.77,3.66,2.3280160524893607,3.87083648198479,3.72619296447062,
2021-10-07,2021-22,GROUP_STAGE,Group F,Roma,Atalanta,1,1,D,2.36,4.05,3.8,2.314908160612822,4.026033392015939,3.8302380460399927,
2021-10-01,2021-22,GROUP_STAGE,Group F,Atalanta,Inter,0,1,A,2.52,4.29,2.99,2.4382612977519655,4.13219655323337,3.0017829199363426,
2021-11-05,2021-22,GROUP_STAGE,Group F,Atalanta,Inter,0,3,A,2.63,4.56,3.01,2.566083132240138,4.708058554519337,3.004536196791996,
2021-10-22,2021-22,GROUP_STAGE,Group F,Atalanta,Napoli,3,1,H,2.39,3.83,3.61,2.500631496995662,3.6924099367472527,3.7784065756160534,
2021-12-15,2021-22,GROUP_STAGE,Group F,Atalanta,Napoli,3,2,H,2.39,4.08,3.93,2.4627964469209145,4.025236220157471,4.044238013655453,
2021-09-16,2021-22,GROUP_STAGE,Group F,Atalanta,Roma,0,2,A,2.28,3.74,3.7,2.3367746456063814,3.651048366685402,3.655979434730816,
2021-12-10,2021-22,GROUP_STAGE,Group F,Atalanta,Roma,0,1,A,2.44,3.74,3.65,2.3241060145137413,3.883703832110355,3.6724136945212056,
2021-12-02,2021-22,GROUP_STAGE,Group G,Ajax,PSV Eindhoven,0,0,D,2.27,3.72,3.87,2.3629309939231313,3.6464147449248814,3.834510496192825,
2021-10-07,2021-22,GROUP_STAGE,Group G,Ajax,PSV Eindhoven,3,1,H,2.23,3.71,3.94,2.1443948672016995,3.611610812032023,3.954793362717715,
2021-11-03,2021-22,GROUP_STAGE,Group G,Ajax,Feyenoord,2,1,H,2.32,3.96,3.84,2.423465987900828,3.92797419435223,3.933031301669881,
2021-10-09,2021-22,GROUP_STAGE,Group G,Ajax,Feyenoord,2,1,H,2.42,3.95,3.88,2.44798783580038,4.123425960956894,3.794539174353286,
2021-12-12,2021-22,GROUP_STAGE,Group G,Ajax,Porto,3,2,H,2.3,3.87,3.92,2.3817535444603695,3.7149502397225724,3.992786664068664,
2021-11-28,2021-22,GROUP_STAGE,Group G,Ajax,Porto,0,2,A,2.43,3.95,3.59,2.375539190129366,4.134941715994874,3.7511948729861078,
2021-11-12,2021-22,GROUP_STAGE,Group G,PSV Eindhoven,Ajax,2,0,H,2.24,3.78,3.8,2.3455249019025572,3.6101186770305658,3.736733479444356,
2021-10-06,2021-22,GROUP_STAGE,Group G,PSV Eindhoven,Ajax,1,0,H,2.4,3.77,3.87,2.4130098692306707,3.802566422510249,3.9911515036938496,
2021-10-14,2021-22,GROUP_STAGE,Group G,PSV Eindhoven,Feyenoord,3,1,H,2.29,3.75,3.9,2.1761493412889235,3.8844022973925667,3.761428312324998,
2021-10-06,2021-22,GROUP_STAGE,Group G,PSV Eindhoven,Feyenoord,1,1,D,2.34,4.0,3.6,2.4257488059105916,3.852721291824759,3.5489672205179517,
2021-10-15,2021-22,GROUP_STAGE,Group G,PSV Eindhoven,Porto,0,0,D,2.35,3.7,3.66,2.262288257772503,3.6707554060567293,3.518595646283876,
2021-09-28,2021-22,GROUP_STAGE,Group G,PSV Eindhoven,Porto,4,0,H,2.33,4.0,3.75,2.2389095843308957,4.001535475914329,3.91703086611379,
2021-09-20,2021-22,GROUP_STAGE,Group G,Feyenoord,Ajax,1,2,A,2.39,4.05,3.81,2.342589648637713,4.108052977103223,3.631368393653441,
2021-11-20,2021-22,GROUP_STAGE,Group G,Feyenoord,Ajax,2,1,H,2.41,3.86,3.6,2.4611887168902005,3.838215059134121,3.743736035444473,
2021-10-26,2021-22,GROUP_STAGE,Group G,Feyenoord,PSV Eindhoven,1,3,A,2.36,3.72,3.67,2.3914061069350394,3.73798859346599,3.605843057697951,
2021-12-05,2021-22,GROUP_STAGE,Group G,Feyenoord,PSV Eindhoven,2,1,H,2.34,3.87,3.79,2.246207760032896,3.948088634977328,3.9237084474350232,
2021-12-07,2021-22,GROUP_STAGE,Group G,Feyenoord,Porto,4,0,H,2.42,3.91,3.89,2.4030769258832656,4.0617435895975005,3.8564734791878195,
2021-11-17,2021-22,GROUP_STAGE,Group G,Feyenoord,Porto,2,3,A,2.31,3.98,3.68,2.2666929449337716,3.882446139000146,3.8469220464838383,
2021-12-11,2021-22,GROUP_STAGE,Group G,Porto,Ajax,1,0,H,2.43,3.72,3.87,2.3311549147139936,3.569921968914472,3.9624140514151334,
2021-10-06,2021-22,GROUP_STAGE,Group G,Porto,Ajax,1,0,H,2.35,3.92,3.77,2.309966805632808,3.771914663858987,3.71480647602193,
2021-12-09,2021-22,GROUP_STAGE,Group G,Porto,PSV Eindhoven,1,1,D,2.44,3.86,3.91,2.3305528435132596,3.778024951351868,3.8366675195432727,
2021-10-03,2021-22,GROUP_STAGE,Group G,Porto,PSV Eindhoven,2,0,H,2.35,3.78,3.81,2.285197544240278,3.6319065483685065,3.941587272487112,
2021-11-01,2021-22,GROUP_STAGE,Group G,Porto,Feyenoord,1,0,H,2.24,3.8,3.65,2.224121180037519,3.8231669666642523,3.747612874125881,
2021-12-08,2021-22,GROUP_STAGE,Group G,Porto,Feyenoord,1,1,D,2.36,3.94,3.57,2.461263892674805,4.069807551244107,3.486978837880017,
2021-10-08,2021-22,GROUP_STAGE,Group H,Benfica,Sporting CP,2,1,H,2.28,3.99,3.91,2.2460333399280317,3.862880817726815,3.7705113327237334,
2021-12-13,2021-22,GROUP_STAGE,Group H,Benfica,Sporting CP,1,1,D,2.31,3.75,3.8,2.2015817897259895,3.8422919107521403,3.6917504944127337,
2021-11-07,2021-22,GROUP_STAGE,Group H,Benfica,Club Brugge,3,1,H,2.32,3.76,3.68,2.279256830962195,3.9259691914127406,3.715410348171474,
2021-09-26,2021-22,GROUP_STAGE,Group H,Benfica,Club Brugge,1,0,H,2.25,3.99,3.58,2.15585584369468,3.9673020767578002,3.5527972887744523,
2021-12-01,2021-22,GROUP_STAGE,Group H,Benfica,Genk,0,1,A,2.32,3.8,3.85,2.2304056618815666,3.773367180691198,3.766549890980973,
2021-12-15,2021-22,GROUP_STAGE,Group H,Benfica,Genk,0,1,A,2.36,3.9,3.68,2.2940423507785956,4.088933806745237,3.516159760734654,
2021-10-11,2021-22,GROUP_STAGE,Group H,Sporting CP,Benfica,2,1,H,2.29,3.78,3.61,2.2340139664209144,3.7150302505445034,3.4322904962715213,
2021-11-14,2021-22,GROUP_STAGE,Group H,Sporting CP,Benfica,0,2,A,2.26,3.84,3.83,2.2600592903217036,3.968008013729233,3.9472746714550713,
2021-09-24,2021-22,GROUP_STAGE,Group H,Sporting CP,Club Brugge,1,1,D,2.31,3.98,3.73,2.3007032318322995,3.811989319526551,3.6602716152426464,
2021-11-13,2021-22,GROUP_STAGE,Group H,Sporting CP,Club Brugge,0,2,A,2.35,3.97,3.72,2.2595657425759925,3.7797800539328255,3.654813762753731,
2021-12-03,2021-22,GROUP_STAGE,Group H,Sporting CP,Genk,0,0,D,2.32,3.96,3.7,2.3053171328598285,3.803921800824652,3.6762003149679483,
2021-11-10,2021-22,GROUP_STAGE,Group H,Sporting CP,Genk,1,0,H,2.34,3.85,3.68,2.3024461077887404,3.785731419659856,3.5578728365608123,
2021-11-19,2021-22,GROUP_STAGE,Group H,Club Brugge,Benfica,1,1,D,2.36,3.9,3.64,2.425189862120543,3.8419288966333704,3.806793299034963,
2021-12-11,2021-22,GROUP_STAGE,Group H,Club Brugge,Benfica,0,0,D,2.41,3.79,3.62,2.3370425044805803,3.8288092154185303,3.714197936987975,
2021-12-07,2021-22,GROUP_STAGE,Group H,Club Brugge,Sporting CP,3,1,H,2.23,4.06,3.8,2.221961534278403,4.085876606214867,3.8301978740884657,
2021-12-16,2021-22,GROUP_STAGE,Group H,Club Brugge,Sporting CP,2,0,H,2.43,3.91,3.8,2.460258792404381,4.052420528059084,3.8483426146219126,
2021-10-04,2021-22,GROUP_STAGE,Group H,Club Brugge,Genk,0,0,D,2.32,3.88,3.8,2.388748485563131,3.9154708656504362,3.7437380445956285,
2021-09-29,2021-22,GROUP_STAGE,Group H,Club Brugge,Genk,0,1,A,2.29,3.87,3.58,2.3659585286508547,3.706194897454127,3.710401512145236,
2021-09-26,2021-22,GROUP_STAGE,Group H,Genk,Benfica,3,1,H,2.36,3.89,3.74,2.3728186636358393,4.003517123136225,3.888057910318245,
2021-11-16,2021-22,GROUP_STAGE,Group H,Genk,Benfica,1,1,D,2.43,3.92,3.63,2.455516417679026,3.9205359823341484,3.7961532162685705,
2021-11-11,2021-22,GROUP_STAGE,Group H,Genk,Sporting CP,1,2,A,2.24,4.04,3.69,2.2880066830135117,4.041837796606387,3.5691742383200182,
2021-10-21,2021-22,GROUP_STAGE,Group H,Genk,Sporting CP,4,0,H,2.38,4.08,3.76,2.406133686704796,4.02447036755177,3.9171442327079773,
2021-11-03,2021-22,GROUP_STAGE,Group H,Genk,Club Brugge,1,1,D,2.31,3.83,3.79,2.3768114211912064,3.8864179517192445,3.625480592772013,
2021-10-02,2021-22,GROUP_STAGE,Group H,Genk,Club Brugge,0,3,A,2.35,3.84,3.66,2.432618071096335,4.018333451003102,3.697588497799787,
2021-10-12,2021-22,ROUND_OF_16,,Juventus,Genk,1,1,D,1.95,4.49,4.42,2.0474954411150907,4.335070382652038,4.329740108931342,1.0
2021-10-02,2021-22,ROUND_OF_16,,Genk,Juventus,1,3,A,2.63,4.39,2.99,2.6369778185704917,4.461086935206053,3.10254143899028,2.0
2021-12-03,2021-22,ROUND_OF_16,,Roma,Manchester City,0,0,D,2.89,4.71,2.36,2.9857587213831573,4.837687070267296,2.432934317834875,1.0
2021-10-11,2021-22,ROUND_OF_16,,Manchester City,Roma,5,2,H,1.79,4.55,5.75,1.8293058356085263,4.7636628145509246,5.813592367722345,2.0
2021-11-11,2021-22,ROUND_OF_16,,Tottenham,Ajax,1,0,H,2.27,3.79,3.92,2.3345520443876575,3.9431062741540965,3.8000543410792473,1.0
2021-12-15,2021-22,ROUND_OF_16,,Ajax,Tottenham,1,1,D,2.44,4.08,3.74,2.3867523027797213,4.03180395314981,3.750269960884595,2.0
2021-10-05,2021-22,ROUND_OF_16,,Napoli,Borussia Dortmund,1,2,A,2.71,4.51,2.81,2.6422508703406207,4.573671745328205,2.9151268615596786,1.0
2021-11-29,2021-22,ROUND_OF_16,,Borussia Dortmund,Napoli,4,0,H,2.07,4.47,4.57,1.9923082987964749,4.28399218104119,4.414762736750138,2.0
2021-11-11,2021-22,ROUND_OF_16,,Bayern München,Inter,0,1,A,1.82,4.6,5.8,1.9012472138681404,4.47213748317721,5.771654234328011,1.0
2021-11-03,2021-22,ROUND_OF_16,,Inter,Bayern München,0,2,A,3.13,4.73,2.42,3.090549945643533,4.676156573835094,2.318748515805072,2.0
2021-10-13,2021-22,ROUND_OF_16,,Feyenoord,RB Leipzig,1,0,H,2.22,4.06,3.88,2.2532912719133087,4.178300538817764,3.739388640037638,1.0
2021-10-26,2021-22,ROUND_OF_16,,RB Leipzig,Feyenoord,3,0,H,2.43,3.88,3.87,2.492898400608043,3.8680147293363314,3.9146397755222933,2.0
2021-09-25,2021-22,ROUND_OF_16,,Atalanta,Atlético Madrid,3,1,H,2.5,4.25,2.81,2.6100564873353296,4.296274042124322,2.788434587264385,1.0
2021-10-26,2021-22,ROUND_OF_16,,Atlético Madrid,Atalanta,0,1,A,1.93,4.21,4.45,1.956817684309352,4.261703249271548,4.255449182199923,2.0
2021-11-17,2021-22,ROUND_OF_16,,Sporting CP,Porto,2,2,D,2.36,3.7,3.76,2.299097399723354,3.568123430891116,3.7333938238068534,1.0
2021-12-07,2021-22,ROUND_OF_16,,Porto,Sporting CP,4,1,H,2.3,3.92,3.63,2.3386894276715156,3.9292059466098586,3.5793991640475955,2.0
2021-09-17,2021-22,QUARTER_FINALS,,Bayern München,Tottenham,2,2,D,1.72,4.57,5.68,1.7470219568018632,4.388874387447358,5.726521086645024,1.0
2021-11-01,2021-22,QUARTER_FINALS,,Tottenham,Bayern München,2,5,A,2.89,4.7,2.4,2.9312679330825864,4.8552803186788935,2.4443238159381564,2.0
2021-12-13,2021-22,QUARTER_FINALS,,Manchester City,RB Leipzig,4,1,H,1.75,4.62,5.62,1.7878078850793342,4.824945579629004,5.359784890092274,1.0
2021-10-15,2021-22,QUARTER_FINALS,,RB Leipzig,Manchester City,0,0,D,2.86,4.63,2.33,2.9839441002658136,4.637122601824832,2.4439655896349968,2.0
2021-11-23,2021-22,QUARTER_FINALS,,Porto,Atalanta,2,0,H,2.33,3.71,3.81,2.280163838663511,3.8443533948040924,3.637713337047913,1.0
2021-12-12,2021-22,QUARTER_FINALS,,Atalanta,Porto,1,1,D,2.29,3.74,3.7,2.3791924123958124,3.830997081864339,3.8460158731333705,2.0
2021-11-03,2021-22,QUARTER_FINALS,,Borussia Dortmund,Juventus,3,0,H,2.3,3.77,3.82,2.2694897932007265,3.8820786619020033,3.7308873057964336,1.0
2021-09-30,2021-22,QUARTER_FINALS,,Juventus,Borussia Dortmund,1,5,A,2.39,3.73,3.79,2.467039565810033,3.74696195020955,3.722239131293331,2.0
2021-10-24,2021-22,SEMI_FINALS,,Borussia Dortmund,Porto,2,4,A,1.97,4.47,4.41,1.9589499510769155,4.446366957872605,4.510025148508597,1.0
2021-11-04,2021-22,SEMI_FINALS,,Porto,Borussia Dortmund,2,0,H,2.66,4.35,2.96,2.737533102468719,4.157450757977686,3.010670431112526,2.0
2021-11-05,2021-22,SEMI_FINALS,,Manchester City,Bayern München,2,1,H,2.3,4.01,3.82,2.4041415611443098,3.866754566813382,3.8610928490685668,1.0
2021-11-15,2021-22,SEMI_FINALS,,Bayern München,Manchester City,0,2,A,2.22,3.72,3.85,2.190324921029787,3.6764218374282254,3.875889187063786,2.0
2021-12-10,2021-22,FINAL,,Manchester City,Porto,4,1,H,1.74,4.71,5.8,1.6663780646164894,4.539354395787236,5.722830970219222,1.0
2022-10-25,2022-23,GROUP_STAGE,Group A,Real Madrid,Barcelona,3,3,D,2.37,3.79,3.61,2.425854941696625,3.789637660937201,3.569202444194174,
2022-11-30,2022-23,GROUP_STAGE,Group A,Real Madrid,Barcelona,2,1,H,2.24,4.0,3.83,2.1760637752949132,4.044750873105457,3.9042945855186244,
2022-11-16,2022-23,GROUP_STAGE,Group A,Real Madrid,Atlético Madrid,2,0,H,1.7,4.6,5.58,1.644351581877287,4.698150151407354,5.857472421444857,
2022-12-16,2022-23,GROUP_STAGE,Group A,Real Madrid,Atlético Madrid,5,2,H,1.83,5.0,5.93,1.8683459090879848,5.024998573743446,5.805684833687243,
2022-10-23,2022-23,GROUP_STAGE,Group A,Real Madrid,Sevilla,2,1,H,1.81,4.87,6.08,1.834923704084087,5.013030138932517,6.0853234930659745,
2022-10-05,2022-23,GROUP_STAGE,Group A,Real Madrid,Sevilla,1,1,D,1.83,4.91,5.68,1.8289060145527867,4.8417001935021915,5.721053567242186,
2022-11-13,2022-23,GROUP_STAGE,Group A,Barcelona,Real Madrid,3,3,D,2.4,3.91,3.79,2.3006917155964635,3.8354326705536286,3.9793465216511326,
2022-11-20,2022-23,GROUP_STAGE,Group A,Barcelona,Real Madrid,2,2,D,2.34,3.99,3.87,2.2402576668212295,4.178479512873992,3.92508503409253,
2022-11-11,2022-23,GROUP_STAGE,Group A,Barcelona,Atlético Madrid,2,2,D,1.74,4.78,5.62,1.7972553486955596,4.804523046045166,5.669335726605827,
2022-10-06,2022-23,GROUP_STAGE,Group A,Barcelona,Atlético Madrid,4,1,H,1.74,4.97,5.57,1.6746040349911882,4.79754868700467,5.383213993498799,
2022-10-26,2022-23,GROUP_STAGE,Group A,Barcelona,Sevilla,6,1,H,1.83,4.64,6.09,1.83345829619297,4.5397984159627045,5.833525682014366,
2022-10-15,2022-23,GROUP_STAGE,Group A,Barcelona,Sevilla,2,1,H,1.77,4.8,5.61,1.7350999552812711,4.816069454288823,5.611443534199848,
2022-10-06,2022-23,GROUP_STAGE,Group A,Atlético Madrid,Real Madrid,2,3,A,3.03,4.81,2.36,3.0677171937924004,5.0033624298652395,2.3216782224389694,
2022-12-01,2022-23,GROUP_STAGE,Group A,Atlético Madrid,Real Madrid,3,1,H,2.86,4.95,2.34,2.9882844002355315,5.08415607255326,2.2849294824329345,
2022-10-11,2022-23,GROUP_STAGE,Group A,Atlético Madrid,Barcelona,2,3,A,3.08,4.73,2.48,3.079395722521924,4.790148576870994,2.427838570886798,
2022-10-28,2022-23,GROUP_STAGE,Group A,Atlético Madrid,Barcelona,2,2,D,2.99,4.92,2.49,2.929432727557493,4.70990272854863,2.3804183452007326,
2022-11-10,2022-23,GROUP_STAGE,Group A,Atlético Madrid,Sevilla,2,1,H,1.96,4.36,4.49,1.8901590634678764,4.517607493498968,4.408873060298381,
2022-11-03,2022-23,GROUP_STAGE,Group A,Atlético Madrid,Sevilla,1,4,A,2.08,4.21,4.51,2.0928234528756606,4.133847788175729,4.494879127735326,
2022-10-19,2022-23,GROUP_STAGE,Group A,Sevilla,Real Madrid,1,0,H,2.98,4.6,2.33,3.1127246980255596,4.767515371166718,2.3109253951970263,
2022-10-10,2022-23,GROUP_STAGE,Group A,Sevilla,Real Madrid,1,3,A,3.09,4.98,2.5,2.994158737278018,4.8103525211225175,2.6239923527738545,
2022-11-13,2022-23,GROUP_STAGE,Group A,Sevilla,Barcelona,2,0,H,3.0,4.68,2.33,3.1335698412207713,4.682548008695125,2.4387379849187267,
2022-10-17,2022-23,GROUP_STAGE,Group A,Sevilla,Barcelona,2,0,H,3.03,4.56,2.39,3.059548187616086,4.71633943899231,2.4312324242999424,
2022-10-21,2022-23,GROUP_STAGE,Group A,Sevilla,Atlético Madrid,2,1,H,2.63,4.53,2.9,2.73058585723159,4.633061152701805,2.9765184616069766,
2022-11-05,2022-23,GROUP_STAGE,Group A,Sevilla,Atlético Madrid,2,2,D,2.51,4.18,2.93,2.475493467762015,4.091635509362342,2.896700205719075,
2022-11-11,2022-23,GROUP_STAGE,Group B,Manchester City,Liverpool,3,1,H,2.4,3.8,3.93,2.4432956736285267,3.6551481874949636,4.116707546457618,
2022-11-09,2022-23,GROUP_STAGE,Group B,Manchester City,Liverpool,3,2,H,2.3,4.08,3.77,2.2690894658389835,3.9348610826225254,3.8086285325880285,
2022-11-05,2022-23,GROUP_STAGE,Group B,Manchester City,Chelsea,5,0,H,1.75,4.56,5.62,1.7207821234367342,4.548027332580206,5.595827570316976,
2022-12-06,2022-23,GROUP_STAGE,Group B,Manchester City,Chelsea,4,0,H,1.82,4.6,6.08,1.786972465780194,4.550759110418582,6.150832296382681,
2022-10-23,2022-23,GROUP_STAGE,Group B,Manchester City,Arsenal,2,1,H,1.77,4.78,5.84,1.7682028574157278,4.810077796588092,5.825337278398851,
2022-09-22,2022-23,GROUP_STAGE,Group B,Manchester City,Arsenal,3,1,H,1.73,4.86,6.11,1.7444804705398402,5.004222839570052,6.247673093869184,
2022-12-12,2022-23,GROUP_STAGE,Group B,Liverpool,Manchester City,0,2,A,2.36,3.93,3.66,2.3967194694337643,4.115518347561596,3.688721605594562,
2022-10-19,2022-23,GROUP_STAGE,Group B,Liverpool,Manchester City,4,1,H,2.38,3.92,3.63,2.4107080073925964,3.966936435756427,3.75384366635985,
2022-10-03,2022-23,GROUP_STAGE,Group B,Liverpool,Chelsea,2,2,D,1.81,4.65,5.88,1.8462942849166026,4.5062147124395215,5.845330676916623,
2022-11-12,2022-23,GROUP_STAGE,Group B,Liverpool,Chelsea,1,1,D,1.69,4.86,5.78,1.7364703190053983,5.064373181650045,5.995488635751322,
2022-09-22,2022-23,GROUP_STAGE,Group B,Liverpool,Arsenal,0,1,A,1.79,4.78,5.87,1.8791639934445812,4.769661330038146,5.797696143621003,
2022-10-12,2022-23,GROUP_STAGE,Group B,Liverpool,Arsenal,0,1,A,1.74,4.79,5.86,1.7706011323208082,4.9661064592549415,5.965917091287518,
2022-12-12,2022-23,GROUP_STAGE,Group B,Chelsea,Manchester City,3,1,H,2.93,4.77,2.55,2.8652488740050748,4.673884099887769,2.6625788143135027,
2022-10-28,2022-23,GROUP_STAGE,Group B,Chelsea,Manchester City,2,1,H,3.08,4.87,2.49,3.0766129484895512,4.860164267099404,2.505061409968819,
2022-10-20,2022-23,GROUP_STAGE,Group B,Chelsea,Liverpool,5,1,H,2.94,4.81,2.45,3.0563535756928264,4.7592701111632545,2.412057995415324,
2022-10-08,2022-23,GROUP_STAGE,Group B,Chelsea,Liverpool,4,2,H,2.94,4.67,2.49,2.894830873144111,4.643089644240878,2.4293545498928975,
2022-11-15,2022-23,GROUP_STAGE,Group B,Chelsea,Arsenal,0,1,A,2.27,4.02,3.66,2.2840780904667892,3.92819182961571,3.5169769288550152,
2022-12-04,2022-23,GROUP_STAGE,Group B,Chelsea,Arsenal,3,0,H,2.27,3.71,3.9,2.207727463705938,3.6108823636880083,3.7440772040276786,
2022-10-27,2022-23,GROUP_STAGE,Group B,Arsenal,Manchester City,3,1,H,3.07,4.58,2.51,2.9180907040469886,4.603061475127064,2.617704019722664,
2022-11-11,2022-23,GROUP_STAGE,Group B,Arsenal,Manchester City,3,1,H,3.05,4.95,2.44,3.0959143010216503,5.076675974407326,2.3880877891657124,
2022-10-21,2022-23,GROUP_STAGE,Group B,Arsenal,Liverpool,0,1,A,3.04,4.97,2.34,3.062536539365314,4.987470681616121,2.392209536708727,
2022-09-24,2022-23,GROUP_STAGE,Group B,Arsenal,Liverpool,4,2,H,3.12,4.62,2.54,3.0188460767521255,4.813871283075132,2.6662816379844814,
2022-11-04,2022-23,GROUP_STAGE,Group B,Arsenal,Chelsea,4,3,H,2.4,3.77,3.84,2.489349764453244,3.6906290500278187,3.6623870115545283,
2022-10-28,2022-23,GROUP_STAGE,Group B,Arsenal,Chelsea,2,3,A,2.35,3.74,3.93,2.2993719883022607,3.9229232018131825,3.9470170900378907,
2022-11-17,2022-23,GROUP_STAGE,Group C,Manchester United,Tottenham,2,0,H,2.42,3.75,3.75,2.3650265737225142,3.8658052043411324,3.6865065363119194,
2022-11-17,2022-23,GROUP_STAGE,Group C,Manchester United,Tottenham,1,2,A,2.37,3.97,3.57,2.331395586501151,3.888624630290338,3.6322612069424234,
2022-10-09,2022-23,GROUP_STAGE,Group C,Manchester United,Bayern München,2,2,D,2.9,4.94,2.54,2.9948270493301297,4.9475486455261395,2.4350313935414825,
2022-12-14,2022-23,GROUP_STAGE,Group C,Manchester United,Bayern München,2,2,D,2.88,5.0,2.44,3.0055177114564002,4.753415060269778,2.4115921513249514,
2022-11-11,2022-23,GROUP_STAGE,Group C,Manchester United,Borussia Dortmund,0,2,A,2.69,4.57,2.86,2.7499554001398683,4.346726130526735,2.903953442982077,
2022-12-17,2022-23,GROUP_STAGE,Group C,Manchester United,Borussia Dortmund,0,0,D,2.56,4.45,2.91,2.4728875072582563,4.532802760851544,3.033123850058611,
2022-12-14,2022-23,GROUP_STAGE,Group C,Tottenham,Manchester United,1,1,D,2.4,3.96,3.8,2.505752549699016,3.9075473856284595,3.693922711188114,
2022-10-07,2022-23,GROUP_STAGE,Group C,Tottenham,Manchester United,1,1,D,2.33,3.87,3.93,2.300554588182956,3.9481510612931383,4.09222917709526,
2022-11-22,2022-23,GROUP_STAGE,Group C,Tottenham,Bayern München,0,0,D,3.09,4.93,2.51,3.1457256532550937,4.977236531506893,2.582130043145637,
2022-11-26,2022-23,GROUP_STAGE,Group C,Tottenham,Bayern München,3,3,D,2.98,4.87,2.34,2.999122279237495,4.656576169160105,2.351149924198358,
2022-11-18,2022-23,GROUP_STAGE,Group C,Tottenham,Borussia Dortmund,0,1,A,2.55,4.39,2.82,2.6403939318857126,4.364468002617578,2.870843257098818,
2022-12-20,2022-23,GROUP_STAGE,Group C,Tottenham,Borussia Dortmund,2,0,H,2.65,4.2,2.92,2.731803402041968,4.180441566075508,2.9238683702148793,
2022-11-12,2022-23,GROUP_STAGE,Group C,Bayern München,Manchester United,3,0,H,1.76,4.8,5.93,1.7262378432698346,4.570449819788749,5.784393130907094,
2022-09-20,2022-23,GROUP_STAGE,Group C,Bayern München,Manchester United,3,3,D,1.79,4.81,5.57,1.762170667114622,4.600168517725912,5.8452268788856445,
2022-09-23,2022-23,GROUP_STAGE,Group C,Bayern München,Tottenham,3,0,H,1.84,4.76,5.71,1.7811165641359303,4.586464140448972,5.790810775098415,
2022-12-11,2022-23,GROUP_STAGE,Group C,Bayern München,Tottenham,2,2,D,1.83,4.71,6.06,1.8205822952772717,4.906461201117094,5.9857627878758395,
2022-09-25,2022-23,GROUP_STAGE,Group C,Bayern München,Borussia Dortmund,3,4,A,1.78,4.85,5.86,1.807329069518529,4.776168395262488,5.67158554659641,
2022-11-27,2022-23,GROUP_STAGE,Group C,Bayern München,Borussia Dortmund,3,3,D,1.73,4.59,6.11,1.787924138818688,4.70758635142025,6.402357807116955,
2022-11-13,2022-23,GROUP_STAGE,Group C,Borussia Dortmund,Manchester United,3,2,H,2.02,4.39,4.58,2.0853188083499083,4.279157784903157,4.509541158624333,
2022-10-25,2022-23,GROUP_STAGE,Group C,Borussia Dortmund,Manchester United,5,1,H,1.92,4.54,4.69,1.8301857244627162,4.612729749354238,4.74389898418098,
2022-09-17,2022-23,GROUP_STAGE,Group C,Borussia Dortmund,Tottenham,3,1,H,1.93,4.19,4.61,1.9196631257859802,4.26207790384946,4.781589924599527,
2022-10-21,2022-23,GROUP_STAGE,Group C,Borussia Dortmund,Tottenham,1,1,D,2.03,4.33,4.44,1.972605649666043,4.487495195076135,4.243061151550861,
2022-11-18,2022-23,GROUP_STAGE,Group C,Borussia Dortmund,Bayern München,1,2,A,3.15,4.65,2.54,3.17397475570779,4.6860257888066155,2.609224705970459,
2022-10-31,2022-23,GROUP_STAGE,Group C,Borussia Dortmund,Bayern München,1,1,D,2.92,4.95,2.56,2.9262053078453576,4.9072123021911676,2.5024394036502033,
2022-11-25,2022-23,GROUP_STAGE,Group D,RB Leipzig,Eintracht Frankfurt,0,2,A,2.44,4.04,3.9,2.4707423255861927,4.010589035246995,3.8982921071222782,
2022-11-03,2022-23,GROUP_STAGE,Group D,RB Leipzig,Eintracht Frankfurt,1,2,A,2.44,3.96,3.86,2.39577120758518,3.9268645548348924,3.724597996620513,
2022-11-02,2022-23,GROUP_STAGE,Group D,RB Leipzig,PSG,0,1,A,2.91,4.79,2.38,2.8300752635785513,4.961262253276477,2.2953557163013123,
2022-11-18,2022-23,GROUP_STAGE,Group D,RB Leipzig,PSG,2,5,A,3.12,4.8,2.56,3.1378734685581735,4.624364520508357,2.494171780118934,
2022-10-11,2022-23,GROUP_STAGE,Group D,RB Leipzig,Marseille,0,0,D,2.29,3.73,3.73,2.260476746016549,3.7432920550575117,3.852868544385207,
2022-09-26,2022-23,GROUP_STAGE,Group D,RB Leipzig,Marseille,2,1,H,2.28,3.96,3.79,2.365185464535615,3.8365126643973713,3.8891829422466024,
2022-12-09,2022-23,GROUP_STAGE,Group D,Eintracht Frankfurt,RB Leipzig,2,1,H,2.35,3.88,3.89,2.310746613042423,4.057323667084349,3.7014648117228837,
2022-10-14,2022-23,GROUP_STAGE,Group D,Eintracht Frankfurt,RB Leipzig,1,2,A,2.44,3.74,3.94,2.434856693827537,3.6437298500103075,3.98113420442704,
2022-10-11,2022-23,GROUP_STAGE,Group D,Eintracht Frankfurt,PSG,2,1,H,2.97,4.65,2.4,2.9055685816634935,4.634306464293207,2.435693121598827,
2022-10-29,2022-23,GROUP_STAGE,Group D,Eintracht Frankfurt,PSG,0,1,A,2.93,4.78,2.44,2.8123922118486857,5.010070222372664,2.4325556629735043,
2022-10-25,2022-23,GROUP_STAGE,Group D,Eintracht Frankfurt,Marseille,2,1,H,2.43,3.84,3.72,2.4451935087738383,3.73296925375343,3.588283249274148,
2022-10-23,2022-23,GROUP_STAGE,Group D,Eintracht Frankfurt,Marseille,3,0,H,2.35,3.92,3.83,2.3018701875643184,3.800907178828919,3.72659713375925,
2022-11-26,2022-23,GROUP_STAGE,Group D,PSG,RB Leipzig,5,0,H,1.81,4.77,5.92,1.843457236834609,4.654244863391838,6.110382428297875,
2022-12-11,2022-23,GROUP_STAGE,Group D,PSG,RB Leipzig,4,0,H,1.79,4.75,5.97,1.7635395341314268,4.578980301075793,5.9977881582492945,
2022-10-08,2022-23,GROUP_STAGE,Group D,PSG,Eintracht Frankfurt,3,1,H,1.82,4.79,5.92,1.7396892333876928,4.566701579681887,6.125244850844172,
2022-12-14,2022-23,GROUP_STAGE,Group D,PSG,Eintracht Frankfurt,3,2,H,1.67,4.54,5.62,1.6918271752048235,4.343857445516101,5.4238786613131875,
2022-10-12,2022-23,GROUP_STAGE,Group D,PSG,Marseille,0,0,D,1.75,4.71,5.9,1.7791820776718346,4.7648806190707225,5.890090450636877,
2022-11-21,2022-23,GROUP_STAGE,Group D,PSG,Marseille,3,1,H,1.67,4.79,5.78,1.589293266649639,4.89643031365872,5.800656623490029,
2022-10-21,2022-23,GROUP_STAGE,Group D,Marseille,RB Leipzig,2,1,H,2.22,4.01,3.82,2.2879692291663294,4.174319119765506,3.669880275761296,
2022-10-02,2022-23,GROUP_STAGE,Group D,Marseille,RB Leipzig,2,1,H,2.34,3.79,3.79,2.282065857937635,3.7348331772261565,3.9017808698596337,
2022-09-25,2022-23,GROUP_STAGE,Group D,Marseille,Eintracht Frankfurt,0,2,A,2.3,3.85,3.77,2.4127535972771375,3.7444550422615577,3.8393836928023353,
2022-09-30,2022-23,GROUP_STAGE,Group D,Marseille,Eintracht Frankfurt,0,0,D,2.37,4.03,3.85,2.273659619786225,3.981343400962646,3.8702900542189322,
2022-09-22,2022-23,GROUP_STAGE,Group D,Marseille,PSG,1,1,D,3.04,4.87,2.34,3.1449802575402597,4.940569826826388,2.300517324376184,
2022-10-02,2022-23,GROUP_STAGE,Group D,Marseille,PSG,1,1,D,3.12,4.97,2.38,3.245197163215671,5.065566993088383,2.3958946269837695,
2022-10-19,2022-23,GROUP_STAGE,Group E,Monaco,Lyon,1,2,A,2.23,3.72,3.91,2.319046498142897,3.74362566942585,3.7273645960400072,
2022-10-30,2022-23,GROUP_STAGE,Group E,Monaco,Lyon,1,0,H,2.22,3.78,3.62,2.291193344609603,3.901301102582782,3.7752527283717057,
2022-10-23,2022-23,GROUP_STAGE,Group E,Monaco,Juventus,4,1,H,2.54,4.26,3.01,2.5118457782713093,4.428919976743159,2.9593506817261703,
2022-10-07,2022-23,GROUP_STAGE,Group E,Monaco,Juventus,2,1,H,2.7,4.46,2.79,2.766273271538819,4.391253336190794,2.677754334672895,
2022-10-14,2022-23,GROUP_STAGE,Group E,Monaco,Milan,1,2,A,2.71,4.31,3.0,2.8332666255638745,4.265479014252161,3.0820664748393964,
2022-09-23,2022-23,GROUP_STAGE,Group E,Monaco,Milan,3,1,H,2.66,4.5,2.9,2.5876848117012217,4.523866976227718,2.863873828837543,
2022-10-08,2022-23,GROUP_STAGE,Group E,Lyon,Monaco,4,1,H,2.38,3.95,3.59,2.408230581881853,4.067731793652086,3.66650596323154,
2022-09-30,2022-23,GROUP_STAGE,Group E,Lyon,Monaco,1,3,A,2.28,3.84,3.86,2.201175131057511,3.7976148385525077,3.806230288052027,
2022-09-26,2022-23,GROUP_STAGE,Group E,Lyon,Juventus,1,1,D,2.5,4.29,2.88,2.4424416108098463,4.132345504928011,2.789968833656028,
2022-11-16,2022-23,GROUP_STAGE,Group E,Lyon,Juventus,2,1,H,2.64,4.38,2.8,2.531659374277542,4.403748274764137,2.8271388754803857,
2022-10-26,2022-23,GROUP_STAGE,Group E,Lyon,Milan,3,2,H,2.72,4.16,2.89,2.795933996729838,4.253535039118474,2.9072060617253555,
2022-10-21,2022-23,GROUP_STAGE,Group E,Lyon,Milan,1,3,A,2.64,4.23,2.88,2.544653775565286,4.1458785252536545,2.8780196953567057,
2022-09-23,2022-23,GROUP_STAGE,Group E,Juventus,Monaco,3,1,H,1.92,4.28,4.47,1.9742719918397733,4.220561462459918,4.668567366147234,
2022-12-09,2022-23,GROUP_STAGE,Group E,Juventus,Monaco,4,0,H,1.98,4.43,4.55,1.9078269260847738,4.211497944655483,4.502539850184014,
2022-12-03,2022-23,GROUP_STAGE,Group E,Juventus,Lyon,5,1,H,1.96,4.53,4.54,1.9464007793056457,4.676561463783364,4.608570733698445,
2022-12-05,2022-23,GROUP_STAGE,Group E,Juventus,Lyon,0,0,D,1.91,4.3,4.77,1.8528626343420955,4.220098810914039,4.991602095216216,
2022-10-25,2022-23,GROUP_STAGE,Group E,Juventus,Milan,0,0,D,2.28,3.96,3.75,2.2973004762104905,3.8580000215251067,3.703520738371555,
2022-11-09,2022-23,GROUP_STAGE,Group E,Juventus,Milan,0,3,A,2.3,4.06,3.64,2.4143709329180023,3.9300504483191316,3.737412918420405,
2022-09-18,2022-23,GROUP_STAGE,Group E,Milan,Monaco,2,0,H,2.07,4.36,4.66,2.057260175541944,4.269020406681589,4.749861240165145,
2022-11-11,2022-23,GROUP_STAGE,Group E,Milan,Monaco,1,2,A,2.02,4.22,4.48,1.9700417003560806,4.074048444940371,4.445561323892373,
2022-11-02,2022-23,GROUP_STAGE,Group E,Milan,Lyon,0,1,A,1.9,4.59,4.56,1.881152968492581,4.593035203150545,4.751698836122102,
2022-12-17,2022-23,GROUP_STAGE,Group E,Milan,Lyon,0,1,A,1.96,4.17,4.78,1.999520320262896,4.300227838858142,4.824845932923632,
2022-09-25,2022-23,GROUP_STAGE,Group E,Milan,Juventus,3,0,H,2.24,3.79,3.81,2.165259822494745,3.8327049249767393,3.8340869313311186,
2022-12-11,2022-23,GROUP_STAGE,Group E,Milan,Juventus,1,1,D,2.37,3.85,3.84,2.480374876318178,3.82322538439772,3.6520503447492785,
2022-10-18,2022-23,GROUP_STAGE,Group F,Inter,Napoli,4,1,H,1.93,4.48,4.59,1.966219230897877,4.355022217807985,4.5322208816225125,
2022-11-18,2022-23,GROUP_STAGE,Group F,Inter,Napoli,1,2,A,2.04,4.41,4.57,2.0083733470703016,4.200332129984364,4.38927905660877,
2022-11-07,2022-23,GROUP_STAGE,Group F,Inter,Roma,2,2,D,2.06,4.19,4.72,2.1074110489426934,4.126449705322699,4.645927473358191,
2022-10-16,2022-23,GROUP_STAGE,Group F,Inter,Roma,2,0,H,1.99,4.31,4.38,2.034176794712662,4.289504740293696,4.190422360938159,
2022-09-20,2022-23,GROUP_STAGE,Group F,Inter,Atalanta,1,1,D,2.04,4.21,4.72,2.070185863124654,4.284575659147062,4.561575131825531,
2022-10-21,2022-23,GROUP_STAGE,Group F,Inter,Atalanta,0,0,D,1.98,4.4,4.49,1.9654211379570932,4.383303829297546,4.623692348948616,
2022-12-04,2022-23,GROUP_STAGE,Group F,Napoli,Inter,4,2,H,2.54,4.44,2.9,2.420414837682967,4.490663480193133,2.8122240863768515,
2022-12-04,2022-23,GROUP_STAGE,Group F,Napoli,Inter,0,1,A,2.61,4.16,2.83,2.552148000764526,4.244764053228733,2.91377027840693,
2022-11-27,2022-23,GROUP_STAGE,Group F,Napoli,Roma,2,1,H,2.24,4.03,3.63,2.2010206201981357,4.0128928201490925,3.543734282549207,
2022-11-21,2022-23,GROUP_STAGE,Group F,Napoli,Roma,5,1,H,2.34,3.94,3.79,2.3660461705465266,3.9742798575386957,3.73236343758853,
2022-11-12,2022-23,GROUP_STAGE,Group F,Napoli,Atalanta,1,0,H,2.36,4.01,3.83,2.312196980989047,4.055908290800881,3.6709600039826196,
2022-10-07,2022-23,GROUP_STAGE,Group F,Napoli,Atalanta,3,2,H,2.29,3.79,3.61,2.2609870902508273,3.654074887898584,3.5697352402209064,
2022-11-30,2022-23,GROUP_STAGE,Group F,Roma,Inter,0,1,A,2.53,4.32,2.83,2.5642819154408345,4.403563024260682,2.8711086069076264,
2022-10-12,2022-23,GROUP_STAGE,Group F,Roma,Inter,3,0,H,2.64,4.37,2.81,2.591049123870463,4.348587424216286,2.684564764799265,
2022-10-30,2022-23,GROUP_STAGE,Group F,Roma,Napoli,1,0,H,2.44,3.88,3.64,2.4116823789117805,3.903893846006021,3.695717392863102,
2022-11-11,2022-23,GROUP_STAGE,Group F,Roma,Napoli,0,2,A,2.38,3.86,3.88,2.377310483841645,3.698910861553576,3.6979739537894853,
2022-10-13,2022-23,GROUP_STAGE,Group F,Roma,Atalanta,1,2,A,2.28,3.8,3.76,2.2043516468555384,3.7837821271639105,3.8511868627255996,
2022-11-22,2022-23,GROUP_STAGE,Group F,Roma,Atalanta,0,0,D,2.34,3.74,3.61,2.404376448520175,3.86090777019109,3.561937099730057,
2022-09-20,2022-23,GROUP_STAGE,Group F,Atalanta,Inter,2,0,H,2.69,4.35,2.83,2.6698666107323024,4.452655083470647,2.8734890917735605,
2022-10-21,2022-23,GROUP_STAGE,Group F,Atalanta,Inter,0,2,A,2.57,4.59,2.9,2.5310842830433344,4.735378420568446,2.8823302719811665,
2022-09-30,2022-23,GROUP_STAGE,Group F,Atalanta,Napoli,2,0,H,2.4,3.79,3.87,2.421101735274435,3.7333890887822023,3.9515617823241005,
2022-12-09,2022-23,GROUP_STAGE,Group F,Atalanta,Napoli,3,0,H,2.32,3.93,3.86,2.3927389287949405,4.05003811389452,3.887048697094729,
2022-11-22,2022-23,GROUP_STAGE,Group F,Atalanta,Roma,3,1,H,2.28,3.9,3.68,2.326524257680183,3.817839964951328,3.5943822483903336,
2022-11-24,2022-23,GROUP_STAGE,Group F,Atalanta,Roma,3,0,H,2.45,3.96,3.6,2.5633791387734792,4.073133655123353,3.7507567362587375,
2022-10-20,2022-23,GROUP_STAGE,Group G,Ajax,PSV Eindhoven,1,1,D,2.42,3.74,3.89,2.3594218925490296,3.819061673465849,4.017779421249768,
2022-12-15,2022-23,GROUP_STAGE,Group G,Ajax,PSV Eindhoven,3,0,H,2.31,3.75,3.8,2.339524761599943,3.703189622942335,3.6386961838661023,
2022-09-26,2022-23,GROUP_STAGE,Group G,Ajax,Feyenoord,0,2,A,2.31,3.99,3.82,2.3971603094283895,3.971923563980694,3.8154329915272034,
2022-12-03,2022-23,GROUP_STAGE,Group G,Ajax,Feyenoord,4,1,H,2.22,4.0,3.84,2.271266890122126,3.983379702671887,3.9030312271994276,
2022-10-30,2022-23,GROUP_STAGE,Group G,Ajax,Porto,4,3,H,2.42,4.0,3.71,2.5332871163783492,4.129939059054409,3.708039245543086,
2022-10-31,2022-23,GROUP_STAGE,Group G,Ajax,Porto,0,0,D,2.41,3.83,3.78,2.425940248731031,3.8243844172352577,3.72093357656889,
2022-12-11,2022-23,GROUP_STAGE,Group G,PSV Eindhoven,Ajax,2,2,D,2.39,3.71,3.8,2.470471820748151,3.530540381730288,3.9631844926320583,
2022-10-10,2022-23,GROUP_STAGE,Group G,PSV Eindhoven,Ajax,2,0,H,2.32,3.69,3.92,2.2509378238841964,3.759590404425347,3.775709930254533,
2022-12-07,2022-23,GROUP_STAGE,Group G,PSV Eindhoven,Feyenoord,3,1,H,2.29,4.03,3.89,2.1968748564563736,3.9737554595090967,3.727561586444432,
2022-12-14,2022-23,GROUP_STAGE,Group G,PSV Eindhoven,Feyenoord,1,0,H,2.43,3.76,3.71,2.3827387464971483,3.8349899556932394,3.6113673651907194,
2022-12-07,2022-23,GROUP_STAGE,Group G,PSV Eindhoven,Porto,2,1,H,2.24,3.73,3.64,2.1454582736322636,3.7649424523217165,3.6470777086877355,
2022-11-15,2022-23,GROUP_STAGE,Group G,PSV Eindhoven,Porto,0,2,A,2.22,3.96,3.87,2.328370389901069,3.9292363177749237,3.7276517834728207,
2022-09-24,2022-23,GROUP_STAGE,Group G,Feyenoord,Ajax,0,0,D,2.27,3.73,3.86,2.1799267480383127,3.6806005102292367,3.782512556381016,
2022-11-07,2022-23,GROUP_STAGE,Group G,Feyenoord,Ajax,2,1,H,2.4,3.99,3.61,2.518305637259133,3.8474983736671224,3.621013487833352,
2022-09-16,2022-23,GROUP_STAGE,Group G,Feyenoord,PSV Eindhoven,1,1,D,2.36,3.76,3.69,2.2922810865359518,3.8533490824767695,3.8449409319976042,
2022-12-07,2022-23,GROUP_STAGE,Group G,Feyenoord,PSV Eindhoven,1,0,H,2.38,4.03,3.6,2.284910696769678,4.131735595558825,3.6322466103941453,
2022-11-03,2022-23,GROUP_STAGE,Group G,Feyenoord,Porto,3,3,D,2.3,3.86,3.86,2.241990866241623,3.9158235393205287,3.762792472493731,
2022-12-05,2022-23,GROUP_STAGE,Group G,Feyenoord,Porto,2,1,H,2.36,3.93,3.85,2.4049523537034583,4.066721597044904,3.9109860674827805,
2022-10-23,2022-23,GROUP_STAGE,Group G,Porto,Ajax,1,1,D,2.26,3.93,3.63,2.2355357295929825,3.987444721433861,3.73301998064624,
2022-10-20,2022-23,GROUP_STAGE,Group G,Porto,Ajax,1,1,D,2.33,3.74,3.75,2.35188563597609,3.7505791513501325,3.929136355441251,
2022-10-31,2022-23,GROUP_STAGE,Group G,Porto,PSV Eindhoven,3,0,H,2.43,3.75,3.89,2.4466164344718297,3.699529673568037,3.961164457061944,
2022-11-19,2022-23,GROUP_STAGE,Group G,Porto,PSV Eindhoven,2,0,H,2.44,3.99,3.57,2.334477946902555,3.8951119255876647,3.4057181897115765,
2022-09-22,2022-23,GROUP_STAGE,Group G,Porto,Feyenoord,2,2,D,2.44,3.85,3.67,2.4918814945687053,3.952837350256304,3.641952111308012,
2022-11-10,2022-23,GROUP_STAGE,Group G,Porto,Feyenoord,0,0,D,2.24,3.9,3.79,2.1901527728045416,3.82586368539049,3.7942844806539306,
2022-10-11,2022-23,GROUP_STAGE,Group H,Benfica,Sporting CP,1,0,H,2.44,3.75,3.69,2.461090667775033,3.848709049172308,3.7452907876693424,
2022-12-11,2022-23,GROUP_STAGE,Group H,Benfica,Sporting CP,5,2,H,2.23,3.97,3.84,2.307262389676393,3.7944886597771825,3.6811057145823316,
2022-11-09,2022-23,GROUP_STAGE,Group H,Benfica,Club Brugge,2,1,H,2.24,3.93,3.58,2.277201825664486,3.9921145777037643,3.4638812335041207,
2022-09-21,2022-23,GROUP_STAGE,Group H,Benfica,Club Brugge,0,0,D,2.38,3.97,3.62,2.4878178560176183,3.979133129003178,3.722441330758836,
2022-10-18,2022-23,GROUP_STAGE,Group H,Benfica,Genk,1,0,H,2.26,3.74,3.86,2.207740773928489,3.884519120143006,3.964772092128995,
2022-09-23,2022-23,GROUP_STAGE,Group H,Benfica,Genk,2,0,H,2.29,3.86,3.76,2.2357154700392634,4.043369526882377,3.8079523451699195,
2022-11-17,2022-23,GROUP_STAGE,Group H,Sporting CP,Benfica,2,2,D,2.32,3.83,3.75,2.3355175817513203,3.779324418919159,3.6581685303896543,
2022-10-03,2022-23,GROUP_STAGE,Group H,Sporting CP,Benfica,2,0,H,2.43,3.96,3.61,2.4885095308769083,3.7630171283888743,3.7394867322930483,
2022-09-16,2022-23,GROUP_STAGE,Group H,Sporting CP,Club Brugge,0,1,A,2.27,3.88,3.71,2.190569219690741,4.047290109936989,3.842627008364498,
2022-11-29,2022-23,GROUP_STAGE,Group H,Sporting CP,Club Brugge,3,1,H,2.4,3.97,3.81,2.333883675316218,3.870060483792826,3.9684406654196214,
2022-10-25,2022-23,GROUP_STAGE,Group H,Sporting CP,Genk,3,0,H,2.28,3.72,3.7,2.2804653349035844,3.869522055444077,3.581357409600753,
2022-11-25,2022-23,GROUP_STAGE,Group H,Sporting CP,Genk,1,0,H,2.45,4.07,3.59,2.4414480735896373,3.9813988963427076,3.713799895029817,
2022-10-26,2022-23,GROUP_STAGE,Group H,Club Brugge,Benfica,2,1,H,2.24,3.87,3.7,2.1933173003069513,3.9801042930902013,3.788643115091365,
2022-10-21,2022-23,GROUP_STAGE,Group H,Club Brugge,Benfica,1,1,D,2.32,3.92,3.75,2.3832462770045217,3.800605590158147,3.9001662364599086,
2022-10-16,2022-23,GROUP_STAGE,Group H,Club Brugge,Sporting CP,0,1,A,2.25,4.06,3.57,2.259347669988463,4.115192386842273,3.639065507845282,
2022-09-21,2022-23,GROUP_STAGE,Group H,Club Brugge,Sporting CP,1,0,H,2.44,3.7,3.81,2.525157461018057,3.7840695644451605,3.659104576372944,
2022-11-21,2022-23,GROUP_STAGE,Group H,Club Brugge,Genk,1,2,A,2.45,3.86,3.92,2.5657770128120116,3.7219561652891175,3.833691506180662,
2022-09-25,2022-23,GROUP_STAGE,Group H,Club Brugge,Genk,1,1,D,2.43,4.04,3.76,2.4788057990567793,3.9884867575259286,3.9384326011032624,
2022-09-25,2022-23,GROUP_STAGE,Group H,Genk,Benfica,2,1,H,2.35,3.89,3.8,2.325172552969941,3.9257474519378115,3.6336674881375837,
2022-12-13,2022-23,GROUP_STAGE,Group H,Genk,Benfica,3,0,H,2.44,3.79,3.66,2.394862175359981,3.9040095755378084,3.733465571913685,
2022-10-26,2022-23,GROUP_STAGE,Group H,Genk,Sporting CP,0,0,D,2.29,3.8,3.59,2.221921191417944,3.9063760533381675,3.620410184853682,
2022-10-09,2022-23,GROUP_STAGE,Group H,Genk,Sporting CP,1,2,A,2.24,3.87,3.68,2.155045029104107,3.815157241577757,3.779483923527674,
2022-11-11,2022-23,GROUP_STAGE,Group H,Genk,Club Brugge,0,2,A,2.29,3.8,3.61,2.2115939213480034,3.870700840321196,3.7278255943462137,
2022-12-18,2022-23,GROUP_STAGE,Group H,Genk,Club Brugge,2,1,H,2.36,3.78,3.88,2.2770044161791074,3.8598174965517718,4.061739201620432,
2022-09-23,2022-23,ROUND_OF_16,,Roma,PSG,0,4,A,2.91,4.84,2.52,2.7912657838491923,5.008081310372116,2.5978395765390294,1.0
2022-10-05,2022-23,ROUND_OF_16,,PSG,Roma,2,2,D,1.67,4.75,5.64,1.6823386613677225,4.902800565727834,5.580779260157162,2.0
2022-09-18,2022-23,ROUND_OF_16,,Juventus,Lyon,0,1,A,1.96,4.34,4.5,2.040027626310897,4.242342087756521,4.475705143790996,1.0
2022-10-09,2022-23,ROUND_OF_16,,Lyon,Juventus,1,2,A,2.5,4.43,2.84,2.448776290749929,4.3910125473892005,2.85439558091793,2.0
2022-09-22,2022-23,ROUND_OF_16,,Arsenal,RB Leipzig,3,0,H,1.9,4.32,4.53,1.9271039798713028,4.448389510893462,4.416363933076946,1.0
2022-11-28,2022-23,ROUND_OF_16,,RB Leipzig,Arsenal,3,0,H,2.7,4.59,3.0,2.6619602696561424,4.61043367296963,2.9954038456321523,2.0
2022-11-26,2022-23,ROUND_OF_16,,Real Madrid,Manchester United,4,2,H,1.75,4.72,5.65,1.7183035742826414,4.5873775287705,5.873607101612087,1.0
2022-10-25,2022-23,ROUND_OF_16,,Manchester United,Real Madrid,2,1,H,2.87,5.01,2.45,2.946583702345228,5.260302479152484,2.5661250661247084,2.0
2022-09-27,2022-23,ROUND_OF_16,,Liverpool,Benfica,4,2,H,1.71,4.65,5.85,1.7598015632692825,4.760232963941974,6.004469088374744,1.0
2022-10-18,2022-23,ROUND_OF_16,,Benfica,Liverpool,2,4,A,3.02,5.0,2.41,3.151432221691647,5.245770960469622,2.3313645995590107,2.0
2022-10-15,2022-23,ROUND_OF_16,,Barcelona,Napoli,1,2,A,1.77,4.92,5.95,1.8432744607307505,4.687877632305762,6.069333677994095,1.0
2022-12-01,2022-23,ROUND_OF_16,,Napoli,Barcelona,2,4,A,3.02,4.8,2.37,3.1673778755422024,4.983180652750924,2.368157733563211,2.0
2022-10-24,2022-23,ROUND_OF_16,,Sevilla,PSV Eindhoven,3,2,H,2.26,3.71,3.58,2.28297578973659,3.531893284248653,3.5721200577634926,1.0
2022-11-01,2022-23,ROUND_OF_16,,PSV Eindhoven,Sevilla,0,1,A,2.43,3.77,3.61,2.482715844743869,3.927880356814817,3.734286555203992,2.0
2022-10-26,2022-23,ROUND_OF_16,,Monaco,Tottenham,2,1,H,2.23,3.75,3.83,2.1500885441503206,3.6040952219995135,3.8400709384950726,1.0
2022-11-05,2022-23,ROUND_OF_16,,Tottenham,Monaco,4,2,H,2.44,3.84,3.92,2.4145253172143404,3.6867963533493833,3.8422919402603837,2.0
2022-10-07,2022-23,QUARTER_FINALS,,PSG,Sevilla,3,0,H,1.79,4.8,6.06,1.8103539085378615,4.731276262604846,6.160312191701709,1.0
2022-10-12,2022-23,QUARTER_FINALS,,Sevilla,PSG,2,1,H,2.96,4.88,2.39,2.864601653395101,4.636877378456358,2.438280019109986,2.0
2022-11-27,2022-23,QUARTER_FINALS,,Tottenham,Liverpool,1,3,A,2.97,5.01,2.56,2.831117674649345,5.061296722392937,2.6677857834030285,1.0
2022-12-07,2022-23,QUARTER_FINALS,,Liverpool,Tottenham,4,1,H,1.7,4.8,6.09,1.6389093725852566,4.917764797488952,5.930439518415982,2.0
2022-10-25,2022-23,QUARTER_FINALS,,Real Madrid,Barcelona,1,1,D,2.26,4.04,3.6,2.3072262737708207,4.096197485913572,3.739195265478416,1.0
2022-11-16,2022-23,QUARTER_FINALS,,Barcelona,Real Madrid,2,3,A,2.22,3.78,3.82,2.1868068179412044,3.8884935623022696,3.9041979906148416,2.0
2022-09-21,2022-23,QUARTER_FINALS,,Juventus,Arsenal,1,1,D,2.31,3.98,3.93,2.39883151144265,3.9772466334025913,3.882334041886284,1.0
2022-11-28,2022-23,QUARTER_FINALS,,Arsenal,Juventus,5,3,H,2.3,4.02,3.86,2.31795276291462,4.123813904510725,3.754074932819496,2.0
2022-10-22,2022-23,SEMI_FINALS,,Liverpool,Real Madrid,3,2,H,2.22,3.8,3.6,2.184881420655276,3.9474138817390347,3.4779256181680758,1.0
2022-09-29,2022-23,SEMI_FINALS,,Real Madrid,Liverpool,1,3,A,2.34,4.04,3.6,2.36200314730819,4.085912469214673,3.5937852431358523,2.0
2022-09-18,2022-23,SEMI_FINALS,,PSG,Arsenal,4,2,H,1.74,4.85,5.9,1.7285508669714336,4.6334745351903885,5.800345801869592,1.0
2022-10-14,2022-23,SEMI_FINALS,,Arsenal,PSG,3,2,H,2.97,4.8,2.55,2.981917253187177,4.877086988502228,2.498337165158799,2.0
2022-09-21,2022-23,FINAL,,PSG,Liverpool,1,1,D,2.31,3.91,3.75,2.207090620743867,3.715991888718262,3.595360634740114,1.0
2023-12-08,2023-24,GROUP_STAGE,Group A,Real Madrid,Barcelona,2,1,H,2.36,3.88,3.6,2.290840903969976,3.9336179757209333,3.771740770559736,
2023-11-19,2023-24,GROUP_STAGE,Group A,Real Madrid,Barcelona,5,0,H,2.41,3.81,3.71,2.4073723317210787,3.871356260858228,3.5583117815713017,
2023-11-23,2023-24,GROUP_STAGE,Group A,Real Madrid,Atlético Madrid,2,4,A,1.73,4.71,5.76,1.6757788488203222,4.495514571532699,5.725290483563194,
2023-10-23,2023-24,GROUP_STAGE,Group A,Real Madrid,Atlético Madrid,2,0,H,1.7,4.66,5.58,1.7428799741595986,4.738040301956708,5.348824680006674,
2023-10-29,2023-24,GROUP_STAGE,Group A,Real Madrid,Sevilla,6,0,H,1.8,4.73,5.98,1.7509522965524222,4.522345311885306,5.912489445935237,
2023-11-25,2023-24,GROUP_STAGE,Group A,Real Madrid,Sevilla,4,2,H,1.74,4.79,6.05,1.7356194435332142,4.972812203451042,6.035638680054288,
2023-09-25,2023-24,GROUP_STAGE,Group A,Barcelona,Real Madrid,2,0,H,2.31,4.03,3.58,2.326451805047729,4.036777410943668,3.6055917750787545,
2023-12-08,2023-24,GROUP_STAGE,Group A,Barcelona,Real Madrid,4,3,H,2.25,4.06,3.73,2.3510388336813657,3.924868903701744,3.6225350295346663,
2023-10-09,2023-24,GROUP_STAGE,Group A,Barcelona,Atlético Madrid,1,1,D,1.68,4.74,6.12,1.669146065249461,4.97570561349314,6.197862441886228,
2023-12-05,2023-24,GROUP_STAGE,Group A,Barcelona,Atlético Madrid,1,2,A,1.71,4.97,6.07,1.6359590439713125,4.914385279048331,6.007694481574721,
2023-10-26,2023-24,GROUP_STAGE,Group A,Barcelona,Sevilla,2,0,H,1.81,4.78,6.08,1.7217378473160092,4.875796994118554,6.133246261341257,
2023-11-12,2023-24,GROUP_STAGE,Group A,Barcelona,Sevilla,1,0,H,1.68,4.61,5.87,1.6938897505954458,4.824287397430679,5.635319746724761,
2023-09-28,2023-24,GROUP_STAGE,Group A,Atlético Madrid,Real Madrid,1,0,H,3.02,4.58,2.39,3.0307613113060667,4.508492083788479,2.368702718914514,
2023-11-08,2023-24,GROUP_STAGE,Group A,Atlético Madrid,Real Madrid,3,2,H,3.05,4.81,2.44,2.950020917087803,4.763330474005588,2.4688516552188386,
2023-12-11,2023-24,GROUP_STAGE,Group A,Atlético Madrid,Barcelona,0,1,A,3.06,4.55,2.54,3.0084371871746867,4.43059857873192,2.6024204542391405,
2023-10-24,2023-24,GROUP_STAGE,Group A,Atlético Madrid,Barcelona,3,2,H,3.12,4.54,2.52,3.058553145475806,4.440277380545828,2.517888041766548,
2023-12-13,2023-24,GROUP_STAGE,Group A,Atlético Madrid,Sevilla,1,1,D,2.02,4.58,4.44,1.979697050398531,4.69162542787898,4.561669719686103,
2023-10-31,2023-24,GROUP_STAGE,Group A,Atlético Madrid,Sevilla,3,3,D,1.94,4.34,4.63,1.8794595240331664,4.214743477913959,4.7799978480601295,
2023-11-16,2023-24,GROUP_STAGE,Group A,Sevilla,Real Madrid,1,1,D,3.08,4.95,2.52,3.0847030684037438,4.781191359106305,2.4724030195088047,
2023-11-23,2023-24,GROUP_STAGE,Group A,Sevilla,Real Madrid,2,2,D,2.97,4.91,2.45,2.9903956729814234,4.749805041802278,2.541919236250727,
2023-10-10,2023-24,GROUP_STAGE,Group A,Sevilla,Barcelona,0,2,A,3.1,4.65,2.43,3.229589631495746,4.745154784527317,2.3750765321292695,
2023-11-18,2023-24,GROUP_STAGE,Group A,Sevilla,Barcelona,0,3,A,3.0,4.84,2.35,2.859168957714598,4.778273912583089,2.372100244461256,
2023-10-07,2023-24,GROUP_STAGE,Group A,Sevilla,Atlético Madrid,1,0,H,2.75,4.36,2.93,2.707168476059781,4.5072170438319334,2.859287358659846,
2023-12-17,2023-24,GROUP_STAGE,Group A,Sevilla,Atlético Madrid,5,1,H,2.52,4.17,2.79,2.6091629742995575,4.286689166354914,2.710294885859892,
2023-10-13,2023-24,GROUP_STAGE,Group B,Manchester City,Liverpool,1,0,H,2.37,3.96,3.66,2.3485532055694436,3.7699407335698116,3.7625911411193957,
2023-12-16,2023-24,GROUP_STAGE,Group B,Manchester City,Liverpool,2,1,H,2.22,4.05,3.81,2.242453513009787,3.8509278094815227,3.7156607581584082,
2023-10-24,2023-24,GROUP_STAGE,Group B,Manchester City,Chelsea,1,2,A,1.79,4.87,5.7,1.8607914525373959,5.041222466296117,5.676628870767647,
2023-10-17,2023-24,GROUP_STAGE,Group B,Manchester City,Chelsea,4,1,H,1.74,4.86,6.02,1.722104541955149,4.66672368204274,6.026931257915916,
2023-12-08,2023-24,GROUP_STAGE,Group B,Manchester City,Arsenal,5,1,H,1.83,4.93,5.87,1.847160375285567,4.822859700762843,5.9782505107481585,
2023-11-20,2023-24,GROUP_STAGE,Group B,Manchester City,Arsenal,4,0,H,1.67,5.01,5.92,1.7303690972420558,4.890334600871174,6.0449675151385005,
2023-12-07,2023-24,GROUP_STAGE,Group B,Liverpool,Manchester City,1,2,A,2.29,3.75,3.85,2.3815283332467185,3.8645361834875738,3.9664100416143326,
2023-12-05,2023-24,GROUP_STAGE,Group B,Liverpool,Manchester City,0,2,A,2.31,3.82,3.61,2.2003801676288064,3.818996420450756,3.5362132725987796,
2023-11-07,2023-24,GROUP_STAGE,Group B,Liverpool,Chelsea,0,1,A,1.73,4.89,5.88,1.8155923953053603,5.044531188814853,5.787782225185716,
2023-12-20,2023-24,GROUP_STAGE,Group B,Liverpool,Chelsea,3,3,D,1.7,4.79,6.0,1.7691095059358595,4.872324999985994,6.004388913364089,
2023-10-06,2023-24,GROUP_STAGE,Group B,Liverpool,Arsenal,1,2,A,1.81,4.95,5.65,1.7371661545501003,4.765832349149546,5.513638295566517,
2023-11-30,2023-24,GROUP_STAGE,Group B,Liverpool,Arsenal,0,0,D,1.8,4.62,5.94,1.7704138433769214,4.430256517772981,5.854038337295181,
2023-10-24,2023-24,GROUP_STAGE,Group B,Chelsea,Manchester City,1,0,H,2.98,4.96,2.41,3.0055000671716576,4.942025271581129,2.3178853345692105,
2023-09-26,2023-24,GROUP_STAGE,Group B,Chelsea,Manchester City,2,1,H,3.11,4.81,2.55,2.9766480943326674,4.997313935567257,2.5501217304956394,
2023-12-11,2023-24,GROUP_STAGE,Group B,Chelsea,Liverpool,4,3,H,2.96,4.68,2.33,3.06485497203939,4.510286941293022,2.2601691056552684,
2023-11-11,2023-24,GROUP_STAGE,Group B,Chelsea,Liverpool,1,1,D,3.15,4.96,2.56,3.037615607974386,5.13974739589521,2.478171332891352,
2023-09-25,2023-24,GROUP_STAGE,Group B,Chelsea,Arsenal,4,1,H,2.33,3.94,3.63,2.3613382598125727,3.7448571195610536,3.5477906139791444,
2023-10-11,2023-24,GROUP_STAGE,Group B,Chelsea,Arsenal,1,1,D,2.35,3.76,3.86,2.4157418272323143,3.620656640045675,3.8344126059154133,
2023-11-08,2023-24,GROUP_STAGE,Group B,Arsenal,Manchester City,3,0,H,2.97,4.99,2.41,2.8327044195870568,4.840007711362831,2.3794174387079967,
2023-09-21,2023-24,GROUP_STAGE,Group B,Arsenal,Manchester City,2,4,A,3.12,4.9,2.45,2.969589831196855,4.6570206786474335,2.5072327940237646,
2023-10-13,2023-24,GROUP_STAGE,Group B,Arsenal,Liverpool,1,1,D,3.06,4.7,2.35,3.0243664457501542,4.741675223438993,2.2717497440080527,
2023-09-25,2023-24,GROUP_STAGE,Group B,Arsenal,Liverpool,2,5,A,2.94,4.67,2.5,2.9683327560729573,4.594269015614104,2.5969935109592606,
2023-10-02,2023-24,GROUP_STAGE,Group B,Arsenal,Chelsea,1,1,D,2.3,4.04,3.7,2.2283379877949,4.221026078897605,3.854736001271331,
2023-11-10,2023-24,GROUP_STAGE,Group B,Arsenal,Chelsea,2,2,D,2.22,3.78,3.93,2.1558842308742183,3.5992832168408024,3.93182098695197,
2023-09-30,2023-24,GROUP_STAGE,Group C,Manchester United,Tottenham,2,0,H,2.3,3.95,3.58,2.3866051516478795,3.8535367237004907,3.5924345694413953,
2023-09-26,2023-24,GROUP_STAGE,Group C,Manchester United,Tottenham,0,1,A,2.36,3.71,3.6,2.4393243222583756,3.5423952059514607,3.4616843374821484,
2023-11-10,2023-24,GROUP_STAGE,Group C,Manchester United,Bayern München,2,5,A,2.96,4.8,2.44,2.8573256210448332,4.893692174026037,2.4717959669997565,
2023-10-28,2023-24,GROUP_STAGE,Group C,Manchester United,Bayern München,1,0,H,2.98,4.58,2.45,3.0165937374865934,4.671932666561163,2.430112309183999,
2023-09-28,2023-24,GROUP_STAGE,Group C,Manchester United,Borussia Dortmund,4,2,H,2.63,4.43,2.85,2.7048918974023115,4.42899840499461,2.881065515666668,
2023-10-23,2023-24,GROUP_STAGE,Group C,Manchester United,Borussia Dortmund,2,2,D,2.71,4.58,2.88,2.6855439384731663,4.4244511081728914,2.893863963953779,
2023-10-11,2023-24,GROUP_STAGE,Group C,Tottenham,Manchester United,1,0,H,2.38,3.88,3.65,2.264034357501929,3.7205331017365264,3.5078072848533073,
2023-12-02,2023-24,GROUP_STAGE,Group C,Tottenham,Manchester United,2,0,H,2.37,3.75,3.6,2.372774167230624,3.8338363563369295,3.4564645722934646,
2023-10-17,2023-24,GROUP_STAGE,Group C,Tottenham,Bayern München,1,3,A,3.04,4.75,2.56,2.9682940069223966,4.53628809301115,2.640173673962978,
2023-09-25,2023-24,GROUP_STAGE,Group C,Tottenham,Bayern München,0,3,A,3.11,4.71,2.49,3.086984509182617,4.529089396273674,2.577460229268617,
2023-09-20,2023-24,GROUP_STAGE,Group C,Tottenham,Borussia Dortmund,5,0,H,2.5,4.22,2.96,2.457165206517144,4.386490654533472,3.094706390321664,
2023-10-24,2023-24,GROUP_STAGE,Group C,Tottenham,Borussia Dortmund,1,1,D,2.72,4.2,3.01,2.633740482322591,4.158326555997917,3.149155288975076,
2023-10-19,2023-24,GROUP_STAGE,Group C,Bayern München,Manchester United,0,0,D,1.81,4.86,5.82,1.7958349076914877,5.047656208927171,5.626065220399193,
2023-10-06,2023-24,GROUP_STAGE,Group C,Bayern München,Manchester United,1,1,D,1.78,4.56,6.09,1.7193723807518253,4.5217086387836884,6.145266934521116,
2023-11-26,2023-24,GROUP_STAGE,Group C,Bayern München,Tottenham,3,2,H,1.78,4.62,5.76,1.7548306068392232,4.402313098061904,5.866251340827728,
2023-10-06,2023-24,GROUP_STAGE,Group C,Bayern München,Tottenham,0,0,D,1.75,4.77,6.06,1.7396203790459421,4.561711294180075,6.153913982737275,
2023-09-16,2023-24,GROUP_STAGE,Group C,Bayern München,Borussia Dortmund,2,1,H,1.79,4.86,5.99,1.803720172454085,4.891595941684073,6.276259438972929,
2023-12-14,2023-24,GROUP_STAGE,Group C,Bayern München,Borussia Dortmund,4,0,H,1.82,4.78,5.94,1.8415195009211756,4.747901299598061,6.074631269243767,
2023-11-15,2023-24,GROUP_STAGE,Group C,Borussia Dortmund,Manchester United,3,1,H,1.95,4.45,4.51,2.0161114391398085,4.475963185332474,4.729994022767427,
2023-09-26,2023-24,GROUP_STAGE,Group C,Borussia Dortmund,Manchester United,3,1,H,1.88,4.57,4.57,1.8742263200890403,4.568096563356541,4.417089570091765,
2023-11-16,2023-24,GROUP_STAGE,Group C,Borussia Dortmund,Tottenham,2,2,D,1.95,4.3,4.46,1.9513512197764797,4.321713094984192,4.405872366263431,
2023-10-20,2023-24,GROUP_STAGE,Group C,Borussia Dortmund,Tottenham,1,1,D,1.9,4.35,4.6,1.8217237737234826,4.349328423585553,4.515388302613832,
2023-11-17,2023-24,GROUP_STAGE,Group C,Borussia Dortmund,Bayern München,1,0,H,3.07,4.54,2.42,2.927500403248066,4.562290850520708,2.4988699195384734,
2023-12-06,2023-24,GROUP_STAGE,Group C,Borussia Dortmund,Bayern München,1,2,A,3.14,4.84,2.54,3.1595724276375123,4.914824456043493,2.5288768124981984,
2023-10-28,2023-24,GROUP_STAGE,Group D,RB Leipzig,Eintracht Frankfurt,1,0,H,2.3,3.72,3.65,2.289525795998824,3.7423761143794576,3.6937116589321355,
2023-11-19,2023-24,GROUP_STAGE,Group D,RB Leipzig,Eintracht Frankfurt,1,1,D,2.38,3.84,3.73,2.2841900113129476,3.9010215374615105,3.5443194615269165,
2023-10-30,2023-24,GROUP_STAGE,Group D,RB Leipzig,PSG,1,1,D,3.1,4.99,2.39,3.106815376847282,5.090845930576733,2.281440968255353,
2023-10-11,2023-24,GROUP_STAGE,Group D,RB Leipzig,PSG,1,4,A,3.0,4.93,2.5,2.9727632271654043,4.808864630446955,2.423980366787954,
2023-09-30,2023-24,GROUP_STAGE,Group D,RB Leipzig,Marseille,3,1,H,2.43,3.85,3.73,2.4983851580866476,3.9334633470706972,3.583696623738234,
2023-11-12,2023-24,GROUP_STAGE,Group D,RB Leipzig,Marseille,2,0,H,2.23,3.94,3.81,2.145977879443678,4.094351215835652,3.7937647811164856,
2023-11-29,2023-24,GROUP_STAGE,Group D,Eintracht Frankfurt,RB Leipzig,0,3,A,2.44,3.75,3.75,2.447408900794657,3.5807143521119644,3.9132406053118696,
2023-12-03,2023-24,GROUP_STAGE,Group D,Eintracht Frankfurt,RB Leipzig,2,0,H,2.33,3.89,3.91,2.254788168171,3.920557656038925,4.000123412741426,
2023-10-01,2023-24,GROUP_STAGE,Group D,Eintracht Frankfurt,PSG,2,3,A,2.88,4.85,2.47,2.8286910034506296,5.034974424999665,2.4499101922209316,
2023-12-06,2023-24,GROUP_STAGE,Group D,Eintracht Frankfurt,PSG,1,1,D,3.12,4.9,2.39,3.2646411837560834,5.13054090845693,2.3787301237534466,
2023-10-02,2023-24,GROUP_STAGE,Group D,Eintracht Frankfurt,Marseille,0,1,A,2.25,3.93,3.89,2.252766290063079,4.064828251493627,3.908596522858853,
2023-10-30,2023-24,GROUP_STAGE,Group D,Eintracht Frankfurt,Marseille,2,1,H,2.38,4.06,3.8,2.308811601593432,4.110412041217387,3.720420208282115,
2023-10-29,2023-24,GROUP_STAGE,Group D,PSG,RB Leipzig,3,0,H,1.82,4.6,5.96,1.9064826677472548,4.451793841658465,5.985324921144619,
2023-12-10,2023-24,GROUP_STAGE,Group D,PSG,RB Leipzig,1,1,D,1.72,4.59,5.75,1.7166236266511878,4.6224229311621725,5.8461154118800245,
2023-11-07,2023-24,GROUP_STAGE,Group D,PSG,Eintracht Frankfurt,3,1,H,1.78,4.96,5.85,1.8471909478218824,4.92150363910883,5.564970751336194,
2023-10-03,2023-24,GROUP_STAGE,Group D,PSG,Eintracht Frankfurt,1,0,H,1.67,4.6,5.93,1.6198837036832077,4.715085108588225,5.728934688845535,
2023-10-21,2023-24,GROUP_STAGE,Group D,PSG,Marseille,3,1,H,1.78,4.6,5.58,1.8306156173686312,4.463840415527322,5.602974024787746,
2023-11-04,2023-24,GROUP_STAGE,Group D,PSG,Marseille,0,0,D,1.8,4.58,6.05,1.8431086464311128,4.7470974002237085,6.196659705203081,
2023-11-25,2023-24,GROUP_STAGE,Group D,Marseille,RB Leipzig,1,1,D,2.31,3.89,3.86,2.3553056828487255,3.965052133258343,3.6851342341722777,
2023-11-07,2023-24,GROUP_STAGE,Group D,Marseille,RB Leipzig,1,2,A,2.31,4.07,3.93,2.2667230695866607,4.091214711195957,3.7385953384061326,
2023-10-17,2023-24,GROUP_STAGE,Group D,Marseille,Eintracht Frankfurt,1,2,A,2.26,4.03,3.89,2.2471324309824126,3.919396044562228,3.9420437241874686,
2023-12-19,2023-24,GROUP_STAGE,Group D,Marseille,Eintracht Frankfurt,1,0,H,2.37,3.99,3.77,2.3945027136174084,4.100182551303811,3.945037263318514,
2023-10-22,2023-24,GROUP_STAGE,Group D,Marseille,PSG,2,1,H,2.98,5.0,2.34,3.1178176241948528,5.1175397430131095,2.2509287918378735,
2023-09-25,2023-24,GROUP_STAGE,Group D,Marseille,PSG,2,1,H,2.98,4.8,2.35,3.0050278451898116,4.682407751103562,2.3101822553544333,
2023-12-14,2023-24,GROUP_STAGE,Group E,Monaco,Lyon,0,0,D,2.44,3.71,3.91,2.4636388010115082,3.811528212397647,3.959018365060561,
2023-12-13,2023-24,GROUP_STAGE,Group E,Monaco,Lyon,3,3,D,2.29,4.0,3.77,2.1921897021647037,4.08307262455779,3.7795739403287003,
2023-10-08,2023-24,GROUP_STAGE,Group E,Monaco,Juventus,1,0,H,2.63,4.5,2.82,2.641330080786649,4.456537679891105,2.7775316321430936,
2023-10-17,2023-24,GROUP_STAGE,Group E,Monaco,Juventus,1,2,A,2.67,4.3,2.86,2.7902323097881605,4.350860658422966,2.8528091559785342,
2023-11-25,2023-24,GROUP_STAGE,Group E,Monaco,Milan,0,6,A,2.71,4.59,2.77,2.7557823248264786,4.565061266044674,2.882045519001091,
2023-12-07,2023-24,GROUP_STAGE,Group E,Monaco,Milan,1,0,H,2.73,4.26,2.78,2.835285223406671,4.209464730845296,2.8623454308115432,
2023-09-29,2023-24,GROUP_STAGE,Group E,Lyon,Monaco,0,2,A,2.31,3.9,3.67,2.4050185990512105,4.025622535053587,3.624109601473446,
2023-11-24,2023-24,GROUP_STAGE,Group E,Lyon,Monaco,0,2,A,2.32,3.71,3.9,2.248662874000613,3.7151549337472773,4.074802609662883,
2023-10-06,2023-24,GROUP_STAGE,Group E,Lyon,Juventus,1,2,A,2.75,4.49,2.93,2.78490659589324,4.360140882246051,2.9679477437858255,
2023-10-17,2023-24,GROUP_STAGE,Group E,Lyon,Juventus,3,0,H,2.72,4.34,2.8,2.7302691462145723,4.427990403960114,2.9333426979749273,
2023-11-09,2023-24,GROUP_STAGE,Group E,Lyon,Milan,0,2,A,2.66,4.57,2.99,2.5678987175398937,4.551365932513839,2.9396828972647193,
2023-10-01,2023-24,GROUP_STAGE,Group E,Lyon,Milan,2,2,D,2.51,4.23,2.84,2.402180965150263,4.3660449717811805,2.956720187138438,
2023-11-06,2023-24,GROUP_STAGE,Group E,Juventus,Monaco,2,1,H,1.96,4.43,4.53,1.8653106297876116,4.506771338421177,4.545779969637635,
2023-12-11,2023-24,GROUP_STAGE,Group E,Juventus,Monaco,0,0,D,2.02,4.18,4.68,1.9281944044647974,4.325569017904567,4.613403664934086,
2023-11-18,2023-24,GROUP_STAGE,Group E,Juventus,Lyon,1,0,H,1.9,4.5,4.47,1.8214359920731804,4.619373408459208,4.4421412388122965,
2023-11-09,2023-24,GROUP_STAGE,Group E,Juventus,Lyon,4,1,H,2.04,4.17,4.41,1.9828526079939441,4.272896381140082,4.5408757627359835,
2023-11-23,2023-24,GROUP_STAGE,Group E,Juventus,Milan,5,2,H,2.29,3.94,3.67,2.378617989244645,4.1233539650085325,3.804740002853141,
2023-12-11,2023-24,GROUP_STAGE,Group E,Juventus,Milan,2,6,A,2.3,4.06,3.77,2.31266604149726,3.907033474527,3.5833962493309,
2023-11-30,2023-24,GROUP_STAGE,Group E,Milan,Monaco,2,2,D,1.96,4.4,4.38,1.9031703665753166,4.506229412537519,4.478960557852737,
2023-10-17,2023-24,GROUP_STAGE,Group E,Milan,Monaco,3,0,H,1.96,4.44,4.57,1.8935470540826214,4.316029858394689,4.722980003658705,
2023-10-09,2023-24,GROUP_STAGE,Group E,Milan,Lyon,2,1,H,1.9,4.45,4.6,1.815333778126267,4.561713607310538,4.825435154418528,
2023-11-29,2023-24,GROUP_STAGE,Group E,Milan,Lyon,3,1,H,1.97,4.4,4.47,1.8847704632087459,4.223209056607364,4.570838398028361,
2023-11-16,2023-24,GROUP_STAGE,Group E,Milan,Juventus,2,1,H,2.44,3.83,3.81,2.3752260150940043,3.7477075261047075,3.6460971850748742,
2023-10-14,2023-24,GROUP_STAGE,Group E,Milan,Juventus,2,2,D,2.29,3.87,3.79,2.245499687074139,3.9025737640110916,3.8148442109960365,
2023-10-31,2023-24,GROUP_STAGE,Group F,Inter,Napoli,4,1,H,2.04,4.58,4.41,2.001895815269796,4.710832331325552,4.503579815106534,
2023-12-11,2023-24,GROUP_STAGE,Group F,Inter,Napoli,2,0,H,1.97,4.52,4.4,2.015895640763029,4.690804394937598,4.383653285473269,
2023-10-30,2023-24,GROUP_STAGE,Group F,Inter,Roma,2,1,H,2.04,4.37,4.39,2.069692527232707,4.18732250387865,4.293690397500807,
2023-10-07,2023-24,GROUP_STAGE,Group F,Inter,Roma,0,0,D,2.06,4.24,4.67,2.0860834903251475,4.336428355693592,4.853113121224197,
2023-11-18,2023-24,GROUP_STAGE,Group F,Inter,Atalanta,2,2,D,2.01,4.51,4.6,2.064109251235405,4.380455069465509,4.386861902279654,
2023-10-23,2023-24,GROUP_STAGE,Group F,Inter,Atalanta,3,0,H,1.99,4.59,4.55,2.0447642505286483,4.528410751217281,4.424104524669081,
2023-11-29,2023-24,GROUP_STAGE,Group F,Napoli,Inter,5,1,H,2.69,4.28,2.91,2.6928008262094782,4.235824047474075,2.9106306754729316,
2023-12-13,2023-24,GROUP_STAGE,Group F,Napoli,Inter,1,2,A,2.56,4.58,3.06,2.6071453841511607,4.697800380643268,2.9499534319530687,
2023-10-05,2023-24,GROUP_STAGE,Group F,Napoli,Roma,0,0,D,2.26,4.06,3.81,2.365708236523278,4.155783442386939,3.803714801392151,
2023-11-04,2023-24,GROUP_STAGE,Group F,Napoli,Roma,2,2,D,2.23,3.99,3.65,2.177451636667431,3.883873448871676,3.711533744003419,
2023-11-20,2023-24,GROUP_STAGE,Group F,Napoli,Atalanta,3,2,H,2.43,3.83,3.74,2.418978358300158,3.6562855462229513,3.919740578491601,
2023-10-31,2023-24,GROUP_STAGE,Group F,Napoli,Atalanta,1,0,H,2.24,4.07,3.8,2.1892629506216306,4.1684572507751705,3.8298799452696217,
2023-11-26,2023-24,GROUP_STAGE,Group F,Roma,Inter,1,1,D,2.54,4.44,2.88,2.57894748282544,4.5889482660484315,2.8847989144955344,
2023-11-07,2023-24,GROUP_STAGE,Group F,Roma,Inter,0,1,A,2.75,4.25,2.89,2.8372401104392324,4.184138737297923,2.974578004042282,
2023-12-01,2023-24,GROUP_STAGE,Group F,Roma,Napoli,1,0,H,2.22,4.04,3.73,2.160057950057936,4.0458746743497604,3.648241946614503,
2023-10-09,2023-24,GROUP_STAGE,Group F,Roma,Napoli,0,2,A,2.26,3.84,3.83,2.17374263035812,3.7364529917181404,3.9491791170498436,
2023-09-29,2023-24,GROUP_STAGE,Group F,Roma,Atalanta,3,0,H,2.33,3.88,3.64,2.251070378547992,4.009345618601359,3.466170357888162,
2023-09-25,2023-24,GROUP_STAGE,Group F,Roma,Atalanta,2,0,H,2.25,3.92,3.61,2.2528446336002497,4.073192687215876,3.4825183011307135,
2023-10-06,2023-24,GROUP_STAGE,Group F,Atalanta,Inter,4,1,H,2.56,4.24,3.05,2.585435525835502,4.266968393790364,2.903179110869357,
2023-12-13,2023-24,GROUP_STAGE,Group F,Atalanta,Inter,1,2,A,2.71,4.57,2.83,2.738868518337922,4.556935948896089,2.8248121569325804,
2023-10-13,2023-24,GROUP_STAGE,Group F,Atalanta,Napoli,3,0,H,2.41,3.93,3.86,2.4872292164114502,3.8049804716849494,3.921624417522331,
2023-10-23,2023-24,GROUP_STAGE,Group F,Atalanta,Napoli,1,2,A,2.26,3.96,3.91,2.281816539924403,3.7892617872283325,3.862380638679233,
2023-10-01,2023-24,GROUP_STAGE,Group F,Atalanta,Roma,2,4,A,2.24,3.77,3.88,2.2409765338398397,3.7397627197771954,3.7440297431270646,
2023-10-02,2023-24,GROUP_STAGE,Group F,Atalanta,Roma,4,1,H,2.26,4.05,3.79,2.3453720961299105,4.062729129819932,3.8856532142425975,
2023-09-26,2023-24,GROUP_STAGE,Group G,Ajax,PSV Eindhoven,1,4,A,2.33,3.75,3.79,2.4063125744259333,3.8988633573178246,3.8941758903426975,
2023-12-12,2023-24,GROUP_STAGE,Group G,Ajax,PSV Eindhoven,2,0,H,2.32,3.86,3.89,2.365853131256382,3.8325771180881683,4.0605460132516535,
2023-11-15,2023-24,GROUP_STAGE,Group G,Ajax,Feyenoord,2,0,H,2.4,3.84,3.78,2.457934570147739,3.9404310631862365,3.854355473993522,
2023-10-02,2023-24,GROUP_STAGE,Group G,Ajax,Feyenoord,1,2,A,2.32,3.79,3.85,2.4151398027487123,3.6322668631848547,3.8878425546925897,
2023-11-23,2023-24,GROUP_STAGE,Group G,Ajax,Porto,1,3,A,2.31,3.77,3.83,2.376856593412484,3.7994011539667683,3.683628355324781,
2023-09-20,2023-24,GROUP_STAGE,Group G,Ajax,Porto,3,2,H,2.3,3.77,3.86,2.279034367750004,3.6216818726014455,3.831463633384617,
2023-11-28,2023-24,GROUP_STAGE,Group G,PSV Eindhoven,Ajax,0,1,A,2.28,4.03,3.72,2.2493668535315154,3.939550898780636,3.787185322283603,
2023-10-16,2023-24,GROUP_STAGE,Group G,PSV Eindhoven,Ajax,1,3,A,2.31,4.0,3.74,2.280019195811083,4.021964542519331,3.6479128393955684,
2023-10-24,2023-24,GROUP_STAGE,Group G,PSV Eindhoven,Feyenoord,4,1,H,2.35,4.0,3.71,2.2649461018362995,4.145532210645923,3.5686808186280654,
2023-10-19,2023-24,GROUP_STAGE,Group G,PSV Eindhoven,Feyenoord,1,0,H,2.32,3.97,3.62,2.2537542888368343,3.9305226798510122,3.561514500363984,
2023-11-24,2023-24,GROUP_STAGE,Group G,PSV Eindhoven,Porto,1,0,H,2.36,3.96,3.58,2.3338284686180844,4.013807140872591,3.688964231197609,
2023-10-08,2023-24,GROUP_STAGE,Group G,PSV Eindhoven,Porto,2,1,H,2.33,3.93,3.6,2.274800435525719,3.8792382045347664,3.639250390034854,
2023-11-03,2023-24,GROUP_STAGE,Group G,Feyenoord,Ajax,2,0,H,2.43,3.85,3.81,2.3781120238298197,4.028458981551431,3.641393416176123,
2023-10-12,2023-24,GROUP_STAGE,Group G,Feyenoord,Ajax,3,1,H,2.37,3.87,3.64,2.407181560781522,3.987613134827653,3.562106370261965,
2023-09-19,2023-24,GROUP_STAGE,Group G,Feyenoord,PSV Eindhoven,2,0,H,2.4,3.89,3.82,2.4276455965688517,3.9576954842137386,3.7664206793412265,
2023-12-12,2023-24,GROUP_STAGE,Group G,Feyenoord,PSV Eindhoven,1,1,D,2.22,3.76,3.94,2.282087379132765,3.7047760014220543,3.898686388118175,
2023-11-29,2023-24,GROUP_STAGE,Group G,Feyenoord,Porto,1,1,D,2.26,3.7,3.83,2.354734097170662,3.718349281812181,3.9166111258178944,
2023-11-30,2023-24,GROUP_STAGE,Group G,Feyenoord,Porto,2,1,H,2.43,3.83,3.92,2.375691407233401,3.8707371852610324,3.800253875689697,
2023-11-05,2023-24,GROUP_STAGE,Group G,Porto,Ajax,1,0,H,2.35,3.8,3.72,2.2575192647522555,3.637506668800147,3.6434616787021405,
2023-10-04,2023-24,GROUP_STAGE,Group G,Porto,Ajax,1,0,H,2.4,4.07,3.89,2.47515536390553,4.100481808660981,3.965540634112336,
2023-11-02,2023-24,GROUP_STAGE,Group G,Porto,PSV Eindhoven,3,0,H,2.35,3.99,3.85,2.45839110044588,3.9735805233043155,3.8348773699638374,
2023-12-04,2023-24,GROUP_STAGE,Group G,Porto,PSV Eindhoven,2,2,D,2.42,3.88,3.66,2.3916069255124492,3.9919985352288845,3.557659930197523,
2023-12-13,2023-24,GROUP_STAGE,Group G,Porto,Feyenoord,1,1,D,2.27,3.82,3.92,2.2737464573054984,3.63271425923491,4.050213401609906,
2023-10-21,2023-24,GROUP_STAGE,Group G,Porto,Feyenoord,3,0,H,2.28,3.85,3.84,2.2439743761817703,3.8710023290558726,3.7165385269447957,
2023-10-25,2023-24,GROUP_STAGE,Group H,Benfica,Sporting CP,3,0,H,2.3,4.04,3.66,2.4028371650845997,4.113975352643602,3.8100334499895676,
2023-11-22,2023-24,GROUP_STAGE,Group H,Benfica,Sporting CP,3,2,H,2.39,3.79,3.65,2.3339318842248624,3.6873696546766794,3.7722532752241107,
2023-12-03,2023-24,GROUP_STAGE,Group H,Benfica,Club Brugge,1,1,D,2.3,4.0,3.61,2.2030521417069195,4.182311873624993,3.607352015641269,
2023-09-20,2023-24,GROUP_STAGE,Group H,Benfica,Club Brugge,2,1,H,2.39,3.91,3.58,2.3857678074070514,3.957180982659221,3.577257855218108,
2023-11-27,2023-24,GROUP_STAGE,Group H,Benfica,Genk,2,0,H,2.42,3.89,3.93,2.5206736527807587,3.80452371641826,3.820782463750367,
2023-12-02,2023-24,GROUP_STAGE,Group H,Benfica,Genk,1,2,A,2.25,3.9,3.72,2.34892224480713,3.717699432342986,3.663191493738165,
2023-12-11,2023-24,GROUP_STAGE,Group H,Sporting CP,Benfica,1,1,D,2.4,3.87,3.61,2.4043692334772415,3.7986570397296884,3.4325391163398846,
2023-12-15,2023-24,GROUP_STAGE,Group H,Sporting CP,Benfica,3,1,H,2.27,3.92,3.68,2.2956006278741223,3.8258027014833966,3.6978713313395417,
2023-10-15,2023-24,GROUP_STAGE,Group H,Sporting CP,Club Brugge,0,2,A,2.28,4.07,3.69,2.207932317716774,4.039044752327254,3.660145296160601,
2023-11-06,2023-24,GROUP_STAGE,Group H,Sporting CP,Club Brugge,1,0,H,2.3,3.85,3.73,2.316424235181227,4.034519893949618,3.799382443228777,
2023-09-27,2023-24,GROUP_STAGE,Group H,Sporting CP,Genk,1,1,D,2.38,4.01,3.77,2.464801479821282,3.888121348868931,3.883114121754458,
2023-10-09,2023-24,GROUP_STAGE,Group H,Sporting CP,Genk,2,5,A,2.33,3.7,3.72,2.244831902526065,3.8455100515058214,3.7686025382304686,
2023-11-22,2023-24,GROUP_STAGE,Group H,Club Brugge,Benfica,0,2,A,2.38,4.0,3.68,2.394788951593067,4.027133807682125,3.6426118998857047,
2023-12-17,2023-24,GROUP_STAGE,Group H,Club Brugge,Benfica,1,1,D,2.25,3.78,3.66,2.3262686345109267,3.627402113214471,3.7495211186892115,
2023-10-18,2023-24,GROUP_STAGE,Group H,Club Brugge,Sporting CP,2,1,H,2.3,3.91,3.91,2.2442744098540564,3.7222556154429802,3.761903858283731,
2023-12-15,2023-24,GROUP_STAGE,Group H,Club Brugge,Sporting CP,3,0,H,2.44,3.77,3.78,2.476387952263496,3.6473011410700056,3.885956839081511,
2023-10-30,2023-24,GROUP_STAGE,Group H,Club Brugge,Genk,2,2,D,2.29,3.89,3.85,2.2778469968119697,3.7260005258264886,3.8937605523713796,
2023-11-18,2023-24,GROUP_STAGE,Group H,Club Brugge,Genk,2,0,H,2.36,3.75,3.63,2.432621245973868,3.6890206162496,3.6776522472222792,
2023-11-27,2023-24,GROUP_STAGE,Group H,Genk,Benfica,1,0,H,2.31,4.05,3.59,2.273877487635004,3.97446023567271,3.6449317019775282,
2023-12-19,2023-24,GROUP_STAGE,Group H,Genk,Benfica,2,1,H,2.28,3.95,3.66,2.267436832383737,4.093308561040566,3.609918331531657,
2023-11-29,2023-24,GROUP_STAGE,Group H,Genk,Sporting CP,1,0,H,2.34,3.87,3.63,2.4228855716541826,3.7248904454532856,3.5336696707629724,
2023-10-22,2023-24,GROUP_STAGE,Group H,Genk,Sporting CP,0,0,D,2.44,3.97,3.59,2.358726153469675,3.812394697680584,3.433401471453226,
2023-11-14,2023-24,GROUP_STAGE,Group H,Genk,Club Brugge,0,3,A,2.34,3.7,3.71,2.4020091510792616,3.5458029445145542,3.62186979004231,
2023-10-09,2023-24,GROUP_STAGE,Group H,Genk,Club Brugge,0,0,D,2.24,4.06,3.71,2.1793757340268556,4.156462850670332,3.688912518347981,
2023-10-24,2023-24,ROUND_OF_16,,Genk,Real Madrid,1,2,A,2.96,4.66,2.39,2.8120273345328983,4.806966981748974,2.4731592107234586,1.0
2023-11-03,2023-24,ROUND_OF_16,,Real Madrid,Genk,3,2,H,1.71,4.79,5.94,1.7086203128541242,4.912371423717701,5.820968647684341,2.0
2023-11-09,2023-24,ROUND_OF_16,,Manchester United,Manchester City,1,2,A,3.09,4.82,2.51,3.1048975684825773,4.669891212034648,2.605922679191076,1.0
2023-11-14,2023-24,ROUND_OF_16,,Manchester City,Manchester United,3,4,A,1.73,4.61,5.97,1.7109221256846028,4.5539230657867575,5.82849922444141,2.0
2023-11-08,2023-24,ROUND_OF_16,,Marseille,Feyenoord,2,1,H,2.36,3.9,3.86,2.386719027896133,3.97563057792939,3.771939935042599,1.0
2023-12-12,2023-24,ROUND_OF_16,,Feyenoord,Marseille,1,0,H,2.39,4.01,3.72,2.474482203590594,3.882645278780059,3.6417294513363583,2.0
2023-12-05,2023-24,ROUND_OF_16,,Lyon,Inter,0,0,D,2.61,4.35,2.98,2.607910959661104,4.271980019572652,2.876340492924976,1.0
2023-11-27,2023-24,ROUND_OF_16,,Inter,Lyon,3,0,H,1.89,4.58,4.47,1.8191324093354644,4.551794819034749,4.250167227939264,2.0
2023-09-26,2023-24,ROUND_OF_16,,Barcelona,Napoli,0,0,D,1.69,4.77,5.74,1.6581564597993161,4.912843541873506,6.025831018099054,1.0
2023-11-18,2023-24,ROUND_OF_16,,Napoli,Barcelona,1,1,D,3.06,4.55,2.34,3.136674291977309,4.388969960700701,2.285361837308874,2.0
2023-11-04,2023-24,ROUND_OF_16,,Milan,Bayern München,1,1,D,2.87,4.76,2.37,2.9680217756388547,4.9110113446237955,2.447795735232457,1.0
2023-10-05,2023-24,ROUND_OF_16,,Bayern München,Milan,0,1,A,1.83,4.88,5.77,1.9169199151848397,4.756615149259255,6.05534693108749,2.0
2023-10-10,2023-24,ROUND_OF_16,,Monaco,Borussia Dortmund,0,3,A,2.61,4.49,2.92,2.7358322372168655,4.4777986697011904,2.972981157456893,1.0
2023-10-29,2023-24,ROUND_OF_16,,Borussia Dortmund,Monaco,3,0,H,2.07,4.23,4.67,2.1206579877886633,4.250972316573201,4.493540086167283,2.0
2023-11-15,2023-24,ROUND_OF_16,,PSG,Liverpool,4,0,H,2.37,3.77,3.9,2.4561868667826556,3.663606169893774,3.7490420991333324,1.0
2023-12-10,2023-24,ROUND_OF_16,,Liverpool,PSG,1,1,D,2.32,3.7,3.86,2.339649671522965,3.6614490711091694,3.760832482631854,2.0
2023-10-16,2023-24,QUARTER_FINALS,,Marseille,PSG,1,2,A,2.9,4.58,2.47,3.0249461475104016,4.807613681166459,2.500907685561724,1.0
2023-09-27,2023-24,QUARTER_FINALS,,PSG,Marseille,2,1,H,1.72,4.61,5.85,1.6524713648978047,4.604395568566495,5.742792642036679,2.0
2023-11-25,2023-24,QUARTER_FINALS,,Borussia Dortmund,Manchester United,3,0,H,2.04,4.49,4.7,2.027498655211706,4.352141419273521,4.7889474907335,1.0
2023-11-04,2023-24,QUARTER_FINALS,,Manchester United,Borussia Dortmund,0,4,A,2.68,4.27,2.78,2.73537576235272,4.2952035856011745,2.791880073351983,2.0
2023-11-16,2023-24,QUARTER_FINALS,,Inter,Milan,2,1,H,2.26,3.77,3.69,2.3125229446877333,3.68529732249758,3.812267999961323,1.0
2023-11-29,2023-24,QUARTER_FINALS,,Milan,Inter,3,3,D,2.25,3.9,3.73,2.321869174087447,3.9162263213334527,3.712871459463749,2.0
2023-12-05,2023-24,QUARTER_FINALS,,Barcelona,Real Madrid,0,4,A,2.33,3.98,3.89,2.357898163330862,3.925901928446103,3.9367567546880844,1.0
2023-10-31,2023-24,QUARTER_FINALS,,Real Madrid,Barcelona,1,2,A,2.38,3.95,3.76,2.353222819963015,3.959507558680129,3.7590784839981497,2.0
2023-10-26,2023-24,SEMI_FINALS,,PSG,Real Madrid,3,1,H,2.31,3.82,3.6,2.3467038279652823,3.645722914629011,3.7576078331971074,1.0
2023-10-12,2023-24,SEMI_FINALS,,Real Madrid,PSG,0,2,A,2.42,3.77,3.74,2.3228983679689446,3.7967715923707215,3.8657760229508282,2.0
2023-12-08,2023-24,SEMI_FINALS,,Inter,Borussia Dortmund,2,0,H,2.33,3.94,3.78,2.2249369511482158,3.8299647769536502,3.862345483547377,1.0
2023-09-21,2023-24,SEMI_FINALS,,Borussia Dortmund,Inter,2,3,A,2.43,3.78,3.75,2.5247134600147225,3.621223671622025,3.8628824808790814,2.0
2023-10-31,2023-24,FINAL,,Inter,PSG,5,0,H,3.02,4.98,2.42,2.980458732559259,5.083800024919461,2.498321597839131,1.0
